seed	policy	jump	verdict	rounds	cex	abs_states	ms
1	all	off	violation	1	0	2	2
1	all	on	violation	1	0	2	3
1	first	off	violation	1	0	2	3
1	first	on	violation	1	0	2	3
1	cheapest	off	violation	1	0	2	2
1	cheapest	on	violation	1	0	2	1
2	all	off	violation	1	0	2	3
2	all	on	violation	1	0	2	2
2	first	off	violation	1	0	2	2
2	first	on	violation	1	0	2	2
2	cheapest	off	violation	1	0	2	2
2	cheapest	on	violation	1	0	2	1
3	all	off	violation	3	0	3	4
3	all	on	violation	3	0	3	3
3	first	off	violation	3	0	3	2
3	first	on	violation	3	0	3	3
3	cheapest	off	violation	3	0	3	2
3	cheapest	on	violation	3	0	3	2
4	all	off	holds	3	1	3	2
4	all	on	holds	3	1	3	2
4	first	off	holds	3	1	3	4
4	first	on	holds	3	1	3	2
4	cheapest	off	holds	3	1	3	3
4	cheapest	on	holds	3	1	3	3
5	all	off	holds	2	0	1	3
5	all	on	holds	2	0	1	4
5	first	off	holds	2	0	1	2
5	first	on	holds	2	0	1	3
5	cheapest	off	holds	2	0	1	3
5	cheapest	on	holds	2	0	1	3
6	all	off	holds	1	0	3	4
6	all	on	holds	1	0	3	4
6	first	off	holds	1	0	3	3
6	first	on	holds	1	0	3	3
6	cheapest	off	holds	1	0	3	4
6	cheapest	on	holds	1	0	3	3
7	all	off	violation	3	0	2	3
7	all	on	violation	3	0	2	4
7	first	off	violation	3	0	2	4
7	first	on	violation	3	0	2	4
7	cheapest	off	violation	3	0	2	3
7	cheapest	on	violation	3	0	2	3
8	all	off	holds	2	0	1	4
8	all	on	holds	2	0	1	3
8	first	off	holds	2	0	1	3
8	first	on	holds	2	0	1	3
8	cheapest	off	holds	2	0	1	3
8	cheapest	on	holds	2	0	1	1
9	all	off	holds	3	0	1	2
9	all	on	holds	3	1	1	2
9	first	off	holds	3	0	1	2
9	first	on	holds	3	0	1	2
9	cheapest	off	holds	3	0	1	3
9	cheapest	on	holds	3	0	1	2
10	all	off	violation	1	0	2	2
10	all	on	violation	1	0	2	3
10	first	off	violation	1	0	2	2
10	first	on	violation	1	0	2	2
10	cheapest	off	violation	1	0	2	2
10	cheapest	on	violation	1	0	2	4
11	all	off	violation	1	0	2	4
11	all	on	violation	1	0	2	3
11	first	off	violation	1	0	2	3
11	first	on	violation	1	0	2	3
11	cheapest	off	violation	1	0	2	3
11	cheapest	on	violation	1	0	2	2
12	all	off	violation	1	0	3	4
12	all	on	violation	1	0	3	4
12	first	off	violation	1	0	3	3
12	first	on	violation	1	0	3	4
12	cheapest	off	violation	1	0	3	2
12	cheapest	on	violation	1	0	3	2
13	all	off	violation	1	0	2	2
13	all	on	violation	1	0	2	2
13	first	off	violation	1	0	2	4
13	first	on	violation	1	0	2	2
13	cheapest	off	violation	1	0	2	3
13	cheapest	on	violation	1	0	2	3
14	all	off	holds	2	0	1	2
14	all	on	holds	2	0	1	2
14	first	off	holds	2	0	1	4
14	first	on	holds	2	0	1	3
14	cheapest	off	holds	2	0	1	3
14	cheapest	on	holds	2	0	1	4
15	all	off	violation	1	0	2	4
15	all	on	violation	1	0	2	4
15	first	off	violation	1	0	2	4
15	first	on	violation	1	0	2	4
15	cheapest	off	violation	1	0	2	3
15	cheapest	on	violation	1	0	2	3
16	all	off	violation	1	0	2	2
16	all	on	violation	1	0	2	3
16	first	off	violation	1	0	2	3
16	first	on	violation	1	0	2	3
16	cheapest	off	violation	1	0	2	3
16	cheapest	on	violation	1	0	2	3
17	all	off	holds	2	0	1	3
17	all	on	holds	2	0	1	3
17	first	off	holds	2	0	1	3
17	first	on	holds	2	0	1	3
17	cheapest	off	holds	2	0	1	4
17	cheapest	on	holds	2	0	1	4
18	all	off	violation	2	0	2	3
18	all	on	violation	2	0	2	4
18	first	off	violation	2	0	2	2
18	first	on	violation	2	0	2	2
18	cheapest	off	violation	2	0	2	3
18	cheapest	on	violation	2	0	2	3
19	all	off	holds	2	0	1	4
19	all	on	holds	2	0	1	4
19	first	off	holds	2	0	1	4
19	first	on	holds	2	0	1	4
19	cheapest	off	holds	2	0	1	3
19	cheapest	on	holds	2	0	1	5
20	all	off	violation	1	0	2	4
20	all	on	violation	1	0	2	2
20	first	off	violation	1	0	2	2
20	first	on	violation	1	0	2	3
20	cheapest	off	violation	1	0	2	2
20	cheapest	on	violation	1	0	2	2
21	all	off	holds	2	0	2	3
21	all	on	holds	2	0	2	4
21	first	off	holds	2	0	2	3
21	first	on	holds	2	0	2	4
21	cheapest	off	holds	2	0	2	4
21	cheapest	on	holds	2	0	2	3
22	all	off	holds	2	0	1	3
22	all	on	holds	2	0	1	3
22	first	off	holds	2	0	1	2
22	first	on	holds	2	0	1	3
22	cheapest	off	holds	2	0	1	4
22	cheapest	on	holds	2	0	1	3
23	all	off	violation	1	0	3	3
23	all	on	violation	1	0	3	4
23	first	off	violation	1	0	3	4
23	first	on	violation	1	0	3	3
23	cheapest	off	violation	1	0	3	3
23	cheapest	on	violation	1	0	3	3
24	all	off	holds	2	0	1	3
24	all	on	holds	2	0	1	3
24	first	off	holds	2	0	1	4
24	first	on	holds	2	0	1	3
24	cheapest	off	holds	2	0	1	2
24	cheapest	on	holds	2	0	1	2
25	all	off	holds	2	0	1	3
25	all	on	holds	2	0	1	2
25	first	off	holds	2	0	1	3
25	first	on	holds	2	0	1	4
25	cheapest	off	holds	2	0	1	3
25	cheapest	on	holds	2	0	1	3
26	all	off	violation	1	0	2	4
26	all	on	violation	1	0	2	3
26	first	off	violation	1	0	2	3
26	first	on	violation	1	0	2	2
26	cheapest	off	violation	1	0	2	3
26	cheapest	on	violation	1	0	2	4
27	all	off	violation	1	0	2	3
27	all	on	violation	1	0	2	2
27	first	off	violation	1	0	2	4
27	first	on	violation	1	0	2	3
27	cheapest	off	violation	1	0	2	2
27	cheapest	on	violation	1	0	2	2
28	all	off	violation	1	0	2	4
28	all	on	violation	1	0	2	2
28	first	off	violation	1	0	2	3
28	first	on	violation	1	0	2	2
28	cheapest	off	violation	1	0	2	1
28	cheapest	on	violation	1	0	2	3
29	all	off	violation	2	0	2	4
29	all	on	violation	2	0	2	3
29	first	off	violation	2	0	2	4
29	first	on	violation	2	0	2	2
29	cheapest	off	violation	2	0	2	4
29	cheapest	on	violation	2	0	2	4
30	all	off	violation	1	0	2	4
30	all	on	violation	1	0	2	4
30	first	off	violation	1	0	2	4
30	first	on	violation	1	0	2	4
30	cheapest	off	violation	1	0	2	3
30	cheapest	on	violation	1	0	2	3
31	all	off	violation	1	0	2	3
31	all	on	violation	1	0	2	2
31	first	off	violation	1	0	2	3
31	first	on	violation	1	0	2	3
31	cheapest	off	violation	1	0	2	2
31	cheapest	on	violation	1	0	2	2
32	all	off	violation	1	0	2	1
32	all	on	violation	1	0	2	2
32	first	off	violation	1	0	2	3
32	first	on	violation	1	0	2	2
32	cheapest	off	violation	1	0	2	4
32	cheapest	on	violation	1	0	2	2
33	all	off	violation	1	0	3	2
33	all	on	violation	1	0	3	2
33	first	off	violation	1	0	3	2
33	first	on	violation	1	0	3	2
33	cheapest	off	violation	1	0	3	1
33	cheapest	on	violation	1	0	3	2
34	all	off	violation	1	0	4	2
34	all	on	violation	1	0	4	2
34	first	off	violation	1	0	4	1
34	first	on	violation	1	0	4	3
34	cheapest	off	violation	1	0	4	3
34	cheapest	on	violation	1	0	4	3
35	all	off	holds	2	0	1	1
35	all	on	holds	2	0	1	2
35	first	off	holds	2	0	1	3
35	first	on	holds	2	0	1	4
35	cheapest	off	holds	2	0	1	3
35	cheapest	on	holds	2	0	1	3
36	all	off	holds	3	0	1	4
36	all	on	holds	3	0	1	3
36	first	off	holds	3	0	1	3
36	first	on	holds	3	0	1	4
36	cheapest	off	holds	3	0	1	3
36	cheapest	on	holds	3	0	1	4
37	all	off	holds	2	0	1	3
37	all	on	holds	2	0	1	3
37	first	off	holds	2	0	3	4
37	first	on	holds	2	0	3	3
37	cheapest	off	holds	2	0	3	4
37	cheapest	on	holds	2	0	3	3
38	all	off	violation	2	0	3	3
38	all	on	violation	2	0	3	3
38	first	off	violation	2	0	3	4
38	first	on	violation	2	0	3	3
38	cheapest	off	violation	2	0	3	2
38	cheapest	on	violation	2	0	3	3
39	all	off	violation	1	0	2	3
39	all	on	violation	1	0	2	3
39	first	off	violation	1	0	2	2
39	first	on	violation	1	0	2	3
39	cheapest	off	violation	1	0	2	2
39	cheapest	on	violation	1	0	2	2
40	all	off	violation	1	0	2	2
40	all	on	violation	1	0	2	2
40	first	off	violation	1	0	2	2
40	first	on	violation	1	0	2	2
40	cheapest	off	violation	1	0	2	3
40	cheapest	on	violation	1	0	2	2
41	all	off	violation	1	0	2	1
41	all	on	violation	1	0	2	2
41	first	off	violation	1	0	2	2
41	first	on	violation	1	0	2	2
41	cheapest	off	violation	1	0	2	4
41	cheapest	on	violation	1	0	2	2
42	all	off	violation	1	0	2	3
42	all	on	violation	1	0	2	4
42	first	off	violation	1	0	2	3
42	first	on	violation	1	0	2	2
42	cheapest	off	violation	1	0	2	2
42	cheapest	on	violation	1	0	2	2
43	all	off	violation	1	0	2	1
43	all	on	violation	1	0	2	2
43	first	off	violation	1	0	2	3
43	first	on	violation	1	0	2	3
43	cheapest	off	violation	1	0	2	3
43	cheapest	on	violation	1	0	2	3
44	all	off	holds	3	0	1	2
44	all	on	holds	3	0	1	2
44	first	off	holds	3	0	1	3
44	first	on	holds	3	0	1	2
44	cheapest	off	holds	3	0	1	3
44	cheapest	on	holds	3	0	1	3
45	all	off	violation	1	0	2	2
45	all	on	violation	1	0	2	3
45	first	off	violation	1	0	2	2
45	first	on	violation	1	0	2	3
45	cheapest	off	violation	1	0	2	4
45	cheapest	on	violation	1	0	2	3
46	all	off	violation	1	0	2	3
46	all	on	violation	1	0	2	3
46	first	off	violation	1	0	2	2
46	first	on	violation	1	0	2	3
46	cheapest	off	violation	1	0	2	1
46	cheapest	on	violation	1	0	2	2
47	all	off	violation	1	0	2	2
47	all	on	violation	1	0	2	2
47	first	off	violation	1	0	2	2
47	first	on	violation	1	0	2	2
47	cheapest	off	violation	1	0	2	2
47	cheapest	on	violation	1	0	2	2
48	all	off	violation	2	0	2	3
48	all	on	violation	2	0	2	2
48	first	off	violation	2	0	2	3
48	first	on	violation	2	0	2	3
48	cheapest	off	violation	2	0	2	2
48	cheapest	on	violation	2	0	2	3
49	all	off	violation	1	0	3	2
49	all	on	violation	1	0	3	2
49	first	off	violation	1	0	3	2
49	first	on	violation	1	0	3	1
49	cheapest	off	violation	1	0	3	2
49	cheapest	on	violation	1	0	3	2
50	all	off	violation	1	0	3	2
50	all	on	violation	1	0	3	3
50	first	off	violation	1	0	3	2
50	first	on	violation	1	0	3	2
50	cheapest	off	violation	1	0	3	3
50	cheapest	on	violation	1	0	3	2
