full	AirplaneLD-PT-0010	RC	hscb	16	15	15	0	0	0.13	0	
full	AirplaneLD-PT-0010	RC	lp	16	11	11	0	0	0.01	0	
full	AirplaneLD-PT-0010	RF	hscb	16	16	16	0	0	0.19	0	
full	AirplaneLD-PT-0010	RF	lp	16	2	2	0	0	0.01	0	
full	AirplaneLD-PT-0020	RC	hscb	16	16	16	0	0	0.19	0	
full	AirplaneLD-PT-0020	RC	lp	16	12	12	0	0	0.01	0	
full	AirplaneLD-PT-0020	RF	hscb	16	16	16	0	0	0.72	0	
full	AirplaneLD-PT-0020	RF	lp	16	0	0	0	0	0.01	0	
full	AirplaneLD-PT-0050	RC	hscb	16	16	16	0	0	1.8	0	
full	AirplaneLD-PT-0050	RC	lp	16	11	11	0	0	0.02	0	
full	AirplaneLD-PT-0050	RF	hscb	16	16	16	0	0	3.66	0	
full	AirplaneLD-PT-0050	RF	lp	16	1	1	0	0	0.01	0	
full	AirplaneLD-PT-0100	RC	hscb	16	14	14	0	0	9.23	0	
full	AirplaneLD-PT-0100	RC	lp	16	14	14	0	0	0.02	0	
full	AirplaneLD-PT-0100	RF	hscb	16	14	14	0	0	13.04	0	
full	AirplaneLD-PT-0100	RF	lp	16	3	3	0	0	0.02	0	
full	AirplaneLD-PT-0200	RC	hscb	16	11	11	0	0	24.48	0	
full	AirplaneLD-PT-0200	RC	lp	16	11	11	0	0	0.06	0	
full	AirplaneLD-PT-0200	RF	hscb	16	3	3	0	0	60.03	124	
full	AirplaneLD-PT-0200	RF	lp	16	0	0	0	0	0.04	0	
full	AirplaneLD-PT-2000	RC	hscb	16	0	0	0	0	60.27	124	
full	AirplaneLD-PT-2000	RC	lp	16	8	8	0	0	0.99	0	
full	AirplaneLD-PT-2000	RF	hscb	16	0	0	0	0	60.28	124	
full	AirplaneLD-PT-2000	RF	lp	16	2	2	0	0	5.32	0	
full	Anderson-PT-04	RC	hscb	16	10	10	0	0	12.63	0	
full	Anderson-PT-04	RC	lp	16	5	5	0	0	0.02	0	
full	Anderson-PT-04	RF	hscb	16	5	5	0	0	22.5	0	
full	Anderson-PT-04	RF	lp	16	2	2	0	0	0.03	0	
full	Anderson-PT-05	RC	hscb	16	2	2	0	0	33.51	0	
full	Anderson-PT-05	RC	lp	16	3	3	0	0	0.08	0	
full	Anderson-PT-05	RF	hscb	16	3	3	0	0	28.39	0	
full	Anderson-PT-05	RF	lp	16	2	2	0	0	0.04	0	
full	Anderson-PT-06	RC	hscb	16	3	3	0	0	31.1	0	
full	Anderson-PT-06	RC	lp	16	4	4	0	0	0.15	0	
full	Anderson-PT-06	RF	hscb	16	5	5	0	0	25.03	0	
full	Anderson-PT-06	RF	lp	16	1	1	0	0	0.09	0	
full	Anderson-PT-07	RC	hscb	16	3	3	0	0	35.98	0	
full	Anderson-PT-07	RC	lp	16	2	2	0	0	0.07	0	
full	Anderson-PT-07	RF	hscb	16	4	4	0	0	27.52	0	
full	Anderson-PT-07	RF	lp	16	2	2	0	0	0.19	0	
full	Angiogenesis-PT-01	RC	hscb	16	16	16	0	0	0.09	0	
full	Angiogenesis-PT-01	RC	lp	16	2	2	0	0	0.01	0	
full	Angiogenesis-PT-01	RF	hscb	16	16	16	0	0	0.08	0	
full	Angiogenesis-PT-01	RF	lp	16	2	2	0	0	0.01	0	
full	Angiogenesis-PT-05	RC	hscb	16	6	6	0	0	25.7	0	
full	Angiogenesis-PT-05	RC	lp	16	5	5	0	0	0.01	0	
full	Angiogenesis-PT-05	RF	hscb	16	1	1	0	0	31.83	0	
full	Angiogenesis-PT-05	RF	lp	16	0	0	0	0	0.01	0	
full	ARMCacheCoherence-PT-none	RC	hscb	16	8	8	0	0	17.43	0	
full	ARMCacheCoherence-PT-none	RC	lp	16	7	7	0	0	0.27	0	
full	ARMCacheCoherence-PT-none	RF	hscb	16	9	9	0	0	16.02	0	
full	ARMCacheCoherence-PT-none	RF	lp	16	2	2	0	0	0.46	0	
full	ASLink-PT-01a	RC	hscb	16	2	2	0	0	56.2	0	
full	ASLink-PT-01a	RC	lp	16	2	2	0	0	0.18	0	
full	ASLink-PT-01a	RF	hscb	16	1	1	0	0	53.18	0	
full	ASLink-PT-01a	RF	lp	16	2	2	0	0	0.06	0	
full	AutoFlight-PT-01a	RC	hscb	16	16	16	0	0	0.1	0	
full	AutoFlight-PT-01a	RC	lp	16	4	4	0	0	0.01	0	
full	AutoFlight-PT-01a	RF	hscb	16	16	16	0	0	0.08	0	
full	AutoFlight-PT-01a	RF	lp	16	1	1	0	0	0.01	0	
full	AutoFlight-PT-01b	RC	hscb	16	10	10	0	0	17.22	0	
full	AutoFlight-PT-01b	RC	lp	16	6	6	0	0	0.01	0	
full	AutoFlight-PT-01b	RF	hscb	16	4	4	0	0	31.73	0	
full	AutoFlight-PT-01b	RF	lp	16	1	1	0	0	0.01	0	
full	AutoFlight-PT-02a	RC	hscb	16	15	15	0	0	0.09	0	
full	AutoFlight-PT-02a	RC	lp	16	8	8	0	0	0.01	0	
full	AutoFlight-PT-02a	RF	hscb	16	16	16	0	0	0.19	0	
full	AutoFlight-PT-02a	RF	lp	16	2	2	0	0	0.01	0	
full	AutoFlight-PT-03a	RC	hscb	16	16	16	0	0	0.5	0	
full	AutoFlight-PT-03a	RC	lp	16	7	7	0	0	0.01	0	
full	AutoFlight-PT-03a	RF	hscb	16	16	16	0	0	0.8	0	
full	AutoFlight-PT-03a	RF	lp	16	2	2	0	0	0.01	0	
full	AutoFlight-PT-04a	RC	hscb	16	16	16	0	0	2.89	0	
full	AutoFlight-PT-04a	RC	lp	16	9	9	0	0	0.02	0	
full	AutoFlight-PT-04a	RF	hscb	16	16	16	0	0	8.99	0	
full	AutoFlight-PT-04a	RF	lp	16	1	1	0	0	0.01	0	
full	AutoFlight-PT-05a	RC	hscb	16	8	8	0	0	20.7	0	
full	AutoFlight-PT-05a	RC	lp	16	5	5	0	0	0.02	0	
full	AutoFlight-PT-05a	RF	hscb	16	8	8	0	0	23.8	0	
full	AutoFlight-PT-05a	RF	lp	16	2	2	0	0	0.03	0	
full	AutonomousCar-PT-01a	RC	hscb	16	16	16	0	0	0.07	0	
full	AutonomousCar-PT-01a	RC	lp	16	2	2	0	0	0.01	0	
full	AutonomousCar-PT-01a	RF	hscb	16	16	16	0	0	0.07	0	
full	AutonomousCar-PT-01a	RF	lp	16	0	0	0	0	0.01	0	
full	AutonomousCar-PT-01b	RC	hscb	16	10	10	0	0	16.76	0	
full	AutonomousCar-PT-01b	RC	lp	16	3	3	0	0	0.02	0	
full	AutonomousCar-PT-01b	RF	hscb	16	7	7	0	0	24.33	0	
full	AutonomousCar-PT-01b	RF	lp	16	3	3	0	0	0.01	0	
full	AutonomousCar-PT-02a	RC	hscb	16	16	16	0	0	0.09	0	
full	AutonomousCar-PT-02a	RC	lp	16	13	13	0	0	0.01	0	
full	AutonomousCar-PT-02a	RF	hscb	16	16	16	0	0	0.11	0	
full	AutonomousCar-PT-02a	RF	lp	16	6	6	0	0	0.01	0	
full	AutonomousCar-PT-02b	RC	hscb	16	4	4	0	0	26.95	0	
full	AutonomousCar-PT-02b	RC	lp	16	0	0	0	0	0.02	0	
full	AutonomousCar-PT-02b	RF	hscb	16	7	7	0	0	19.38	0	
full	AutonomousCar-PT-02b	RF	lp	16	4	4	0	0	0.03	0	
full	AutonomousCar-PT-03a	RC	hscb	16	15	15	0	0	0.5	0	
full	AutonomousCar-PT-03a	RC	lp	16	6	6	0	0	0.01	0	
full	AutonomousCar-PT-03a	RF	hscb	16	16	16	0	0	0.46	0	
full	AutonomousCar-PT-03a	RF	lp	16	4	4	0	0	0.01	0	
full	AutonomousCar-PT-03b	RC	hscb	16	7	7	0	0	24.46	0	
full	AutonomousCar-PT-03b	RC	lp	16	6	6	0	0	0.03	0	
full	AutonomousCar-PT-03b	RF	hscb	16	3	3	0	0	26.74	0	
full	AutonomousCar-PT-03b	RF	lp	16	1	1	0	0	0.01	0	
full	AutonomousCar-PT-04a	RC	hscb	16	16	16	0	0	2.3	0	
full	AutonomousCar-PT-04a	RC	lp	16	7	7	0	0	0.01	0	
full	AutonomousCar-PT-04a	RF	hscb	16	16	16	0	0	1.98	0	
full	AutonomousCar-PT-04a	RF	lp	16	2	2	0	0	0.01	0	
full	AutonomousCar-PT-05a	RC	hscb	16	14	14	0	0	13.25	0	
full	AutonomousCar-PT-05a	RC	lp	16	6	6	0	0	0.02	0	
full	AutonomousCar-PT-05a	RF	hscb	16	16	16	0	0	10.88	0	
full	AutonomousCar-PT-05a	RF	lp	16	2	2	0	0	0.01	0	
full	AutonomousCar-PT-06a	RC	hscb	16	10	10	0	0	15.27	0	
full	AutonomousCar-PT-06a	RC	lp	16	7	7	0	0	0.02	0	
full	AutonomousCar-PT-06a	RF	hscb	16	6	6	0	0	25.45	0	
full	AutonomousCar-PT-06a	RF	lp	16	1	1	0	0	0.03	0	
full	AutonomousCar-PT-07a	RC	hscb	16	10	10	0	0	17.63	0	
full	AutonomousCar-PT-07a	RC	lp	16	8	8	0	0	0.1	0	
full	AutonomousCar-PT-07a	RF	hscb	16	8	8	0	0	17.69	0	
full	AutonomousCar-PT-07a	RF	lp	16	2	2	0	0	0.02	0	
full	AutonomousCar-PT-08a	RC	hscb	16	6	6	0	0	24.11	0	
full	AutonomousCar-PT-08a	RC	lp	16	5	5	0	0	0.06	0	
full	AutonomousCar-PT-08a	RF	hscb	16	6	6	0	0	21.38	0	
full	AutonomousCar-PT-08a	RF	lp	16	1	1	0	0	0.02	0	
full	BART-PT-002	RC	hscb	16	15	15	0	0	2.27	0	
full	BART-PT-002	RC	lp	16	9	9	0	0	0.02	0	
full	BART-PT-002	RF	hscb	16	1	1	0	0	60.02	124	
full	BART-PT-002	RF	lp	16	0	0	0	0	0.05	0	
full	BlocksWorld-PT-01	RC	hscb	16	4	4	0	0	34.4	0	
full	BlocksWorld-PT-01	RC	lp	16	4	4	0	0	0.03	0	
full	BlocksWorld-PT-01	RF	hscb	16	9	9	0	0	23.57	0	
full	BlocksWorld-PT-01	RF	lp	16	5	5	0	0	0.01	0	
full	BridgeAndVehicles-PT-V04P05N02	RC	hscb	16	16	16	0	0	0.1	0	
full	BridgeAndVehicles-PT-V04P05N02	RC	lp	16	11	11	0	0	0.01	0	
full	BridgeAndVehicles-PT-V04P05N02	RF	hscb	16	16	16	0	0	0.3	0	
full	BridgeAndVehicles-PT-V04P05N02	RF	lp	16	3	3	0	0	0.01	0	
full	BridgeAndVehicles-PT-V10P10N10	RC	hscb	16	11	11	0	0	11.92	0	
full	BridgeAndVehicles-PT-V10P10N10	RC	lp	16	6	6	0	0	0.01	0	
full	BridgeAndVehicles-PT-V10P10N10	RF	hscb	16	12	12	0	0	12.89	0	
full	BridgeAndVehicles-PT-V10P10N10	RF	lp	16	2	2	0	0	0.02	0	
full	BridgeAndVehicles-PT-V20P10N10	RC	hscb	16	14	14	0	0	10.53	0	
full	BridgeAndVehicles-PT-V20P10N10	RC	lp	16	13	13	0	0	0.03	0	
full	BridgeAndVehicles-PT-V20P10N10	RF	hscb	16	9	9	0	0	27.67	0	
full	BridgeAndVehicles-PT-V20P10N10	RF	lp	16	0	0	0	0	0.03	0	
full	BridgeAndVehicles-PT-V20P10N20	RC	hscb	16	11	11	0	0	14.4	0	
full	BridgeAndVehicles-PT-V20P10N20	RC	lp	16	8	8	0	0	0.04	0	
full	BridgeAndVehicles-PT-V20P10N20	RF	hscb	16	7	7	0	0	33.76	0	
full	BridgeAndVehicles-PT-V20P10N20	RF	lp	16	2	2	0	0	0.07	0	
full	BridgeAndVehicles-PT-V20P10N50	RC	hscb	16	12	12	0	0	18.83	0	
full	BridgeAndVehicles-PT-V20P10N50	RC	lp	16	9	9	0	0	0.07	0	
full	BridgeAndVehicles-PT-V20P10N50	RF	hscb	16	6	6	0	0	60.02	124	
full	BridgeAndVehicles-PT-V20P10N50	RF	lp	16	0	0	0	0	0.22	0	
full	BridgeAndVehicles-PT-V20P20N10	RC	hscb	16	10	10	0	0	22.0	0	
full	BridgeAndVehicles-PT-V20P20N10	RC	lp	16	10	10	0	0	0.02	0	
full	BridgeAndVehicles-PT-V20P20N10	RF	hscb	16	4	4	0	0	32.87	0	
full	BridgeAndVehicles-PT-V20P20N10	RF	lp	16	0	0	0	0	0.02	0	
full	BridgeAndVehicles-PT-V20P20N20	RC	hscb	16	8	8	0	0	23.2	0	
full	BridgeAndVehicles-PT-V20P20N20	RC	lp	16	9	9	0	0	0.03	0	
full	BridgeAndVehicles-PT-V20P20N20	RF	hscb	16	5	5	0	0	31.88	0	
full	BridgeAndVehicles-PT-V20P20N20	RF	lp	16	1	1	0	0	0.03	0	
full	BridgeAndVehicles-PT-V20P20N50	RC	hscb	16	11	11	0	0	16.03	0	
full	BridgeAndVehicles-PT-V20P20N50	RC	lp	16	5	5	0	0	0.05	0	
full	BridgeAndVehicles-PT-V20P20N50	RF	hscb	16	5	5	0	0	38.0	0	
full	BridgeAndVehicles-PT-V20P20N50	RF	lp	16	0	0	0	0	0.15	0	
full	BridgeAndVehicles-PT-V50P20N10	RC	hscb	16	6	6	0	0	38.27	0	
full	BridgeAndVehicles-PT-V50P20N10	RC	lp	16	8	8	0	0	0.02	0	
full	BridgeAndVehicles-PT-V50P20N10	RF	hscb	16	5	5	0	0	55.85	0	
full	BridgeAndVehicles-PT-V50P20N10	RF	lp	16	2	2	0	0	0.08	0	
full	BridgeAndVehicles-PT-V50P20N20	RC	hscb	16	9	9	0	0	28.57	0	
full	BridgeAndVehicles-PT-V50P20N20	RC	lp	16	11	11	0	0	0.09	0	
full	BridgeAndVehicles-PT-V50P20N20	RF	hscb	16	4	4	0	0	52.39	0	
full	BridgeAndVehicles-PT-V50P20N20	RF	lp	16	0	0	0	0	0.17	0	
full	BridgeAndVehicles-PT-V50P50N10	RC	hscb	16	8	8	0	0	31.54	0	
full	BridgeAndVehicles-PT-V50P50N10	RC	lp	16	5	5	0	0	0.06	0	
full	BridgeAndVehicles-PT-V50P50N10	RF	hscb	16	4	4	0	0	38.65	0	
full	BridgeAndVehicles-PT-V50P50N10	RF	lp	16	0	0	0	0	0.07	0	
full	BridgeAndVehicles-PT-V50P50N20	RC	hscb	16	11	11	0	0	18.37	0	
full	BridgeAndVehicles-PT-V50P50N20	RC	lp	16	9	9	0	0	0.05	0	
full	BridgeAndVehicles-PT-V50P50N20	RF	hscb	16	1	1	0	0	60.02	124	
full	BridgeAndVehicles-PT-V50P50N20	RF	lp	16	0	0	0	0	0.19	0	
full	BugTracking-PT-q3m004	RC	hscb	16	6	6	0	0	26.4	0	
full	BugTracking-PT-q3m004	RC	lp	16	7	7	0	0	0.77	0	
full	BugTracking-PT-q3m004	RF	hscb	16	4	4	0	0	9.06	0	
full	BugTracking-PT-q3m004	RF	lp	16	6	6	0	0	0.48	0	
full	BugTracking-PT-q3m016	RC	hscb	16	4	4	0	0	18.26	0	
full	BugTracking-PT-q3m016	RC	lp	16	11	11	0	0	3.53	0	
full	BugTracking-PT-q3m016	RF	hscb	16	3	3	0	0	8.7	0	
full	BugTracking-PT-q3m016	RF	lp	16	8	8	0	0	1.35	0	
full	CANConstruction-PT-005	RC	hscb	16	3	3	0	0	1.5	0	
full	CANConstruction-PT-005	RC	lp	16	6	6	0	0	0.01	0	
full	CANConstruction-PT-005	RF	hscb	16	1	0	1	0	0.14	0	CANConstruction-PT-005-ReachabilityFireability-2024-09
full	CANConstruction-PT-005	RF	lp	16	3	3	0	0	0.02	0	
full	CANInsertWithFailure-PT-005	RC	hscb	16	6	6	0	0	15.95	0	
full	CANInsertWithFailure-PT-005	RC	lp	16	7	7	0	0	0.02	0	
full	CANInsertWithFailure-PT-005	RF	hscb	16	0	0	0	0	10.63	0	
full	CANInsertWithFailure-PT-005	RF	lp	16	0	0	0	0	0.01	0	
full	CANInsertWithFailure-PT-100	RC	hscb	16	0	0	0	0	60.23	124	
full	CANInsertWithFailure-PT-100	RC	lp	16	0	0	0	0	2.95	0	
full	CANInsertWithFailure-PT-100	RF	hscb	16	0	0	0	0	60.26	124	
full	CANInsertWithFailure-PT-100	RF	lp	16	0	0	0	0	1.77	0	
full	CircadianClock-PT-000001	RC	hscb	16	16	16	0	0	0.08	0	
full	CircadianClock-PT-000001	RC	lp	16	2	2	0	0	0.01	0	
full	CircadianClock-PT-000001	RF	hscb	16	16	16	0	0	0.07	0	
full	CircadianClock-PT-000001	RF	lp	16	0	0	0	0	0.01	0	
full	CircadianClock-PT-000010	RC	hscb	16	15	15	0	0	0.75	0	
full	CircadianClock-PT-000010	RC	lp	16	6	6	0	0	0.01	0	
full	CircadianClock-PT-000010	RF	hscb	16	16	16	0	0	0.24	0	
full	CircadianClock-PT-000010	RF	lp	16	0	0	0	0	0.01	0	
full	CircularTrains-PT-012	RC	hscb	16	4	4	0	0	0.07	0	
full	CircularTrains-PT-012	RC	lp	16	0	0	0	0	0.01	0	
full	CircularTrains-PT-012	RF	hscb	16	0	0	0	0	0.07	0	
full	CircularTrains-PT-012	RF	lp	16	0	0	0	0	0.01	0	
full	CircularTrains-PT-024	RC	hscb	16	4	3	1	0	0.21	0	CircularTrains-PT-024-ReachabilityCardinality-2024-03
full	CircularTrains-PT-024	RC	lp	16	4	4	0	0	0.01	0	
full	CircularTrains-PT-024	RF	hscb	16	2	2	0	0	0.07	0	
full	CircularTrains-PT-024	RF	lp	16	2	2	0	0	0.01	0	
full	ClientsAndServers-PT-N0001P0	RC	hscb	16	9	9	0	0	0.13	0	
full	ClientsAndServers-PT-N0001P0	RC	lp	16	12	12	0	0	0.01	0	
full	ClientsAndServers-PT-N0001P0	RF	hscb	16	6	6	0	0	0.09	0	
full	ClientsAndServers-PT-N0001P0	RF	lp	16	2	2	0	0	0.01	0	
full	ClientsAndServers-PT-N0002P0	RC	hscb	16	5	5	0	0	2.9	0	
full	ClientsAndServers-PT-N0002P0	RC	lp	16	8	8	0	0	0.01	0	
full	ClientsAndServers-PT-N0002P0	RF	hscb	16	6	6	0	0	6.05	0	
full	ClientsAndServers-PT-N0002P0	RF	lp	16	1	1	0	0	0.01	0	
full	ClientsAndServers-PT-N0002P1	RC	hscb	16	5	5	0	0	3.37	0	
full	ClientsAndServers-PT-N0002P1	RC	lp	16	9	9	0	0	0.01	0	
full	ClientsAndServers-PT-N0002P1	RF	hscb	16	3	3	0	0	0.23	0	
full	ClientsAndServers-PT-N0002P1	RF	lp	16	1	1	0	0	0.01	0	
full	CloudDeployment-PT-2a	RC	hscb	16	15	15	0	0	2.13	0	
full	CloudDeployment-PT-2a	RC	lp	16	8	8	0	0	0.01	0	
full	CloudDeployment-PT-2a	RF	hscb	16	16	16	0	0	0.89	0	
full	CloudDeployment-PT-2a	RF	lp	16	4	4	0	0	0.02	0	
full	CloudDeployment-PT-3a	RC	hscb	16	10	10	0	0	17.58	0	
full	CloudDeployment-PT-3a	RC	lp	16	5	5	0	0	0.02	0	
full	CloudDeployment-PT-3a	RF	hscb	16	10	10	0	0	20.81	0	
full	CloudDeployment-PT-3a	RF	lp	16	1	1	0	0	0.01	0	
full	CloudDeployment-PT-4a	RC	hscb	16	4	4	0	0	28.57	0	
full	CloudDeployment-PT-4a	RC	lp	16	4	4	0	0	0.02	0	
full	CloudDeployment-PT-4a	RF	hscb	16	1	1	0	0	31.57	0	
full	CloudDeployment-PT-4a	RF	lp	16	1	1	0	0	0.01	0	
full	CloudDeployment-PT-5a	RC	hscb	16	1	1	0	0	43.2	0	
full	CloudDeployment-PT-5a	RC	lp	16	1	1	0	0	0.01	0	
full	CloudDeployment-PT-5a	RF	hscb	16	2	2	0	0	34.1	0	
full	CloudDeployment-PT-5a	RF	lp	16	0	0	0	0	0.02	0	
full	CloudOpsManagement-PT-00002by00001	RC	hscb	16	16	16	0	0	0.07	0	
full	CloudOpsManagement-PT-00002by00001	RC	lp	16	13	13	0	0	0.01	0	
full	CloudOpsManagement-PT-00002by00001	RF	hscb	16	16	16	0	0	0.08	0	
full	CloudOpsManagement-PT-00002by00001	RF	lp	16	2	2	0	0	0.01	0	
full	CloudOpsManagement-PT-00005by00002	RC	hscb	16	15	15	0	0	0.1	0	
full	CloudOpsManagement-PT-00005by00002	RC	lp	16	11	11	0	0	0.01	0	
full	CloudOpsManagement-PT-00005by00002	RF	hscb	16	16	16	0	0	0.17	0	
full	CloudOpsManagement-PT-00005by00002	RF	lp	16	3	3	0	0	0.01	0	
full	CO4-PT-01	RC	hscb	16	16	16	0	0	0.28	0	
full	CO4-PT-01	RC	lp	16	9	9	0	0	0.02	0	
full	CO4-PT-01	RF	hscb	16	16	16	0	0	3.07	0	
full	CO4-PT-01	RF	lp	16	1	1	0	0	0.01	0	
full	CO4-PT-02	RC	hscb	16	16	16	0	0	5.56	0	
full	CO4-PT-02	RC	lp	16	7	7	0	0	0.02	0	
full	CO4-PT-02	RF	hscb	16	16	16	0	0	5.72	0	
full	CO4-PT-02	RF	lp	16	4	4	0	0	0.02	0	
full	CO4-PT-03	RC	hscb	16	15	15	0	0	6.34	0	
full	CO4-PT-03	RC	lp	16	10	10	0	0	0.01	0	
full	CO4-PT-03	RF	hscb	16	16	16	0	0	4.64	0	
full	CO4-PT-03	RF	lp	16	2	2	0	0	0.01	0	
full	CO4-PT-04	RC	hscb	16	16	16	0	0	1.95	0	
full	CO4-PT-04	RC	lp	16	8	8	0	0	0.02	0	
full	CO4-PT-04	RF	hscb	16	16	16	0	0	0.46	0	
full	CO4-PT-04	RF	lp	16	5	5	0	0	0.02	0	
full	CO4-PT-05	RC	hscb	16	15	15	0	0	1.5	0	
full	CO4-PT-05	RC	lp	16	6	6	0	0	0.02	0	
full	CO4-PT-05	RF	hscb	16	16	16	0	0	3.5	0	
full	CO4-PT-05	RF	lp	16	4	4	0	0	0.02	0	
full	CO4-PT-06	RC	hscb	16	8	8	0	0	16.37	0	
full	CO4-PT-06	RC	lp	16	7	7	0	0	0.09	0	
full	CO4-PT-06	RF	hscb	16	8	8	0	0	16.94	0	
full	CO4-PT-06	RF	lp	16	4	4	0	0	0.05	0	
full	CO4-PT-07	RC	hscb	16	9	9	0	0	14.59	0	
full	CO4-PT-07	RC	lp	16	7	7	0	0	0.1	0	
full	CO4-PT-07	RF	hscb	16	6	6	0	0	21.02	0	
full	CO4-PT-07	RF	lp	16	5	5	0	0	0.04	0	
full	CO4-PT-08	RC	hscb	16	5	5	0	0	29.2	0	
full	CO4-PT-08	RC	lp	16	5	5	0	0	0.08	0	
full	CO4-PT-08	RF	hscb	16	4	4	0	0	28.55	0	
full	CO4-PT-08	RF	lp	16	2	2	0	0	0.03	0	
full	CO4-PT-09	RC	hscb	16	6	6	0	0	22.58	0	
full	CO4-PT-09	RC	lp	16	2	2	0	0	0.07	0	
full	CO4-PT-09	RF	hscb	16	5	5	0	0	24.47	0	
full	CO4-PT-09	RF	lp	16	1	1	0	0	0.03	0	
full	CO4-PT-10	RC	hscb	16	5	5	0	0	30.52	0	
full	CO4-PT-10	RC	lp	16	6	6	0	0	0.11	0	
full	CO4-PT-10	RF	hscb	16	5	5	0	0	33.88	0	
full	CO4-PT-10	RF	lp	16	4	4	0	0	0.22	0	
full	CO4-PT-11	RC	hscb	16	8	8	0	0	16.64	0	
full	CO4-PT-11	RC	lp	16	6	6	0	0	0.16	0	
full	CO4-PT-11	RF	hscb	16	7	7	0	0	24.04	0	
full	CO4-PT-11	RF	lp	16	6	6	0	0	0.42	0	
full	CO4-PT-12	RC	hscb	16	6	6	0	0	25.27	0	
full	CO4-PT-12	RC	lp	16	3	3	0	0	0.31	0	
full	CO4-PT-12	RF	hscb	16	6	6	0	0	22.58	0	
full	CO4-PT-12	RF	lp	16	5	5	0	0	0.15	0	
full	CO4-PT-13	RC	hscb	16	6	6	0	0	31.57	0	
full	CO4-PT-13	RC	lp	16	7	7	0	0	0.13	0	
full	CO4-PT-13	RF	hscb	16	5	5	0	0	30.66	0	
full	CO4-PT-13	RF	lp	16	4	4	0	0	0.17	0	
full	CopsAndRobbers-PT-CRL005X001	RC	hscb	16	16	16	0	0	0.09	0	
full	CopsAndRobbers-PT-CRL005X001	RC	lp	16	0	0	0	0	0.01	0	
full	CopsAndRobbers-PT-CRL005X001	RF	hscb	16	16	16	0	0	0.09	0	
full	CopsAndRobbers-PT-CRL005X001	RF	lp	16	1	1	0	0	0.01	0	
full	CopsAndRobbers-PT-CRL015X005	RC	hscb	16	8	8	0	0	24.46	0	
full	CopsAndRobbers-PT-CRL015X005	RC	lp	16	5	5	0	0	0.01	0	
full	CopsAndRobbers-PT-CRL015X005	RF	hscb	16	11	11	0	0	15.26	0	
full	CopsAndRobbers-PT-CRL015X005	RF	lp	16	2	2	0	0	0.02	0	
full	CopsAndRobbers-PT-CRL023X004	RC	hscb	16	0	0	0	0	60.08	124	
full	CopsAndRobbers-PT-CRL023X004	RC	lp	16	8	8	0	0	0.02	0	
full	CopsAndRobbers-PT-CRL023X004	RF	hscb	16	0	0	0	0	60.07	124	
full	CopsAndRobbers-PT-CRL023X004	RF	lp	16	2	2	0	0	0.02	0	
full	CopsAndRobbers-PT-CRL025X003	RC	hscb	16	0	0	0	0	60.12	124	
full	CopsAndRobbers-PT-CRL025X003	RC	lp	16	3	3	0	0	0.03	0	
full	CopsAndRobbers-PT-CRL025X003	RF	hscb	16	0	0	0	0	60.11	124	
full	CopsAndRobbers-PT-CRL025X003	RF	lp	16	1	1	0	0	0.02	0	
full	CopsAndRobbers-PT-HRL014X002	RC	hscb	16	16	16	0	0	0.77	0	
full	CopsAndRobbers-PT-HRL014X002	RC	lp	16	6	6	0	0	0.02	0	
full	CopsAndRobbers-PT-HRL014X002	RF	hscb	16	16	16	0	0	0.36	0	
full	CopsAndRobbers-PT-HRL014X002	RF	lp	16	5	5	0	0	0.01	0	
full	CopsAndRobbers-PT-HRL017X005	RC	hscb	16	10	10	0	0	22.43	0	
full	CopsAndRobbers-PT-HRL017X005	RC	lp	16	5	5	0	0	0.02	0	
full	CopsAndRobbers-PT-HRL017X005	RF	hscb	16	13	13	0	0	13.77	0	
full	CopsAndRobbers-PT-HRL017X005	RF	lp	16	2	2	0	0	0.01	0	
full	CopsAndRobbers-PT-HRL023X006	RC	hscb	16	5	5	0	0	37.2	0	
full	CopsAndRobbers-PT-HRL023X006	RC	lp	16	5	5	0	0	0.01	0	
full	CopsAndRobbers-PT-HRL023X006	RF	hscb	16	6	6	0	0	24.38	0	
full	CopsAndRobbers-PT-HRL023X006	RF	lp	16	2	2	0	0	0.02	0	
full	CopsAndRobbers-PT-KFL010N005K002X001	RC	hscb	16	15	15	0	0	0.11	0	
full	CopsAndRobbers-PT-KFL010N005K002X001	RC	lp	16	5	5	0	0	0.02	0	
full	CopsAndRobbers-PT-KFL010N005K002X001	RF	hscb	16	16	16	0	0	0.16	0	
full	CopsAndRobbers-PT-KFL010N005K002X001	RF	lp	16	0	0	0	0	0.01	0	
full	CopsAndRobbers-PT-KFL028N008K002X005	RC	hscb	16	0	0	0	0	60.14	124	
full	CopsAndRobbers-PT-KFL028N008K002X005	RC	lp	16	5	5	0	0	0.03	0	
full	CopsAndRobbers-PT-KFL028N008K002X005	RF	hscb	16	0	0	0	0	60.13	124	
full	CopsAndRobbers-PT-KFL028N008K002X005	RF	lp	16	2	2	0	0	0.03	0	
full	CopsAndRobbers-PT-KFL036N009K002X003	RC	hscb	16	0	0	0	0	60.12	124	
full	CopsAndRobbers-PT-KFL036N009K002X003	RC	lp	16	4	4	0	0	0.05	0	
full	CopsAndRobbers-PT-KFL036N009K002X003	RF	hscb	16	0	0	0	0	60.11	124	
full	CopsAndRobbers-PT-KFL036N009K002X003	RF	lp	16	0	0	0	0	0.02	0	
full	CopsAndRobbers-PT-KFL084N009K003X002	RC	hscb	16	0	0	0	0	60.13	124	
full	CopsAndRobbers-PT-KFL084N009K003X002	RC	lp	16	4	4	0	0	0.14	0	
full	CopsAndRobbers-PT-KFL084N009K003X002	RF	hscb	16	0	0	0	0	60.14	124	
full	CopsAndRobbers-PT-KFL084N009K003X002	RF	lp	16	2	2	0	0	0.11	0	
full	CryptoMiner-PT-D03N010	RC	hscb	16	2	2	0	0	0.1	0	
full	CryptoMiner-PT-D03N010	RC	lp	16	8	8	0	0	0.01	0	
full	CryptoMiner-PT-D03N010	RF	hscb	16	0	0	0	0	0.07	0	
full	CryptoMiner-PT-D03N010	RF	lp	16	4	4	0	0	0.01	0	
full	CryptoMiner-PT-D05N000	RC	hscb	16	0	0	0	0	0.07	1	
full	CryptoMiner-PT-D05N000	RC	lp	16	7	7	0	0	0.0	0	
full	CryptoMiner-PT-D05N000	RF	hscb	16	0	0	0	0	0.06	1	
full	CryptoMiner-PT-D05N000	RF	lp	16	3	3	0	0	0.01	0	
full	CSRepetitions-PT-02	RC	hscb	16	8	8	0	0	0.07	0	
full	CSRepetitions-PT-02	RC	lp	16	14	14	0	0	0.01	0	
full	CSRepetitions-PT-02	RF	hscb	16	1	1	0	0	0.06	0	
full	CSRepetitions-PT-02	RF	lp	16	2	2	0	0	0.01	0	
full	CSRepetitions-PT-03	RC	hscb	16	6	6	0	0	0.07	0	
full	CSRepetitions-PT-03	RC	lp	16	13	13	0	0	0.01	0	
full	CSRepetitions-PT-03	RF	hscb	16	0	0	0	0	0.07	0	
full	CSRepetitions-PT-03	RF	lp	16	1	1	0	0	0.01	0	
full	DatabaseWithMutex-PT-02	RC	hscb	16	16	16	0	0	0.12	0	
full	DatabaseWithMutex-PT-02	RC	lp	16	3	3	0	0	0.01	0	
full	DatabaseWithMutex-PT-02	RF	hscb	16	16	16	0	0	0.14	0	
full	DatabaseWithMutex-PT-02	RF	lp	16	0	0	0	0	0.01	0	
full	DBSingleClientW-PT-d0m04	RC	hscb	16	9	9	0	0	0.15	0	
full	DBSingleClientW-PT-d0m04	RC	lp	16	15	15	0	0	0.01	0	
full	DBSingleClientW-PT-d0m04	RF	hscb	16	0	0	0	0	0.12	0	
full	DBSingleClientW-PT-d0m04	RF	lp	16	0	0	0	0	0.01	0	
full	DBSingleClientW-PT-d0m05	RC	hscb	16	9	9	0	0	0.15	0	
full	DBSingleClientW-PT-d0m05	RC	lp	16	11	11	0	0	0.01	0	
full	DBSingleClientW-PT-d0m05	RF	hscb	16	0	0	0	0	0.13	0	
full	DBSingleClientW-PT-d0m05	RF	lp	16	0	0	0	0	0.01	0	
full	DBSingleClientW-PT-d0m06	RC	hscb	16	7	7	0	0	0.15	0	
full	DBSingleClientW-PT-d0m06	RC	lp	16	14	14	0	0	0.01	0	
full	DBSingleClientW-PT-d0m06	RF	hscb	16	0	0	0	0	0.14	0	
full	DBSingleClientW-PT-d0m06	RF	lp	16	2	2	0	0	0.01	0	
full	DBSingleClientW-PT-d0m07	RC	hscb	16	9	9	0	0	0.14	0	
full	DBSingleClientW-PT-d0m07	RC	lp	16	14	14	0	0	0.01	0	
full	DBSingleClientW-PT-d0m07	RF	hscb	16	1	1	0	0	0.15	0	
full	DBSingleClientW-PT-d0m07	RF	lp	16	3	3	0	0	0.02	0	
full	DBSingleClientW-PT-d0m08	RC	hscb	16	6	6	0	0	0.14	0	
full	DBSingleClientW-PT-d0m08	RC	lp	16	9	9	0	0	0.01	0	
full	DBSingleClientW-PT-d0m08	RF	hscb	16	1	1	0	0	0.14	0	
full	DBSingleClientW-PT-d0m08	RF	lp	16	0	0	0	0	0.01	0	
full	DBSingleClientW-PT-d1m04	RC	hscb	16	3	3	0	0	0.48	0	
full	DBSingleClientW-PT-d1m04	RC	lp	16	10	10	0	0	0.02	0	
full	DBSingleClientW-PT-d1m04	RF	hscb	16	0	0	0	0	0.55	0	
full	DBSingleClientW-PT-d1m04	RF	lp	16	0	0	0	0	0.02	0	
full	DBSingleClientW-PT-d1m05	RC	hscb	16	6	6	0	0	0.5	0	
full	DBSingleClientW-PT-d1m05	RC	lp	16	14	14	0	0	0.02	0	
full	DBSingleClientW-PT-d1m05	RF	hscb	16	0	0	0	0	0.54	0	
full	DBSingleClientW-PT-d1m05	RF	lp	16	1	1	0	0	0.06	0	
full	DBSingleClientW-PT-d1m06	RC	hscb	16	7	7	0	0	0.47	0	
full	DBSingleClientW-PT-d1m06	RC	lp	16	12	12	0	0	0.02	0	
full	DBSingleClientW-PT-d1m06	RF	hscb	16	0	0	0	0	0.5	0	
full	DBSingleClientW-PT-d1m06	RF	lp	16	0	0	0	0	0.03	0	
full	DBSingleClientW-PT-d2m04	RC	hscb	16	5	5	0	0	4.77	0	
full	DBSingleClientW-PT-d2m04	RC	lp	16	15	15	0	0	0.04	0	
full	DBSingleClientW-PT-d2m04	RF	hscb	16	0	0	0	0	5.86	0	
full	DBSingleClientW-PT-d2m04	RF	lp	16	1	1	0	0	0.49	0	
full	DBSingleClientW-PT-d2m05	RC	hscb	16	4	4	0	0	4.89	0	
full	DBSingleClientW-PT-d2m05	RC	lp	16	11	11	0	0	0.15	0	
full	DBSingleClientW-PT-d2m05	RF	hscb	16	0	0	0	0	5.37	0	
full	DBSingleClientW-PT-d2m05	RF	lp	16	1	1	0	0	0.33	0	
full	Dekker-PT-010	RC	hscb	16	16	16	0	0	1.19	0	
full	Dekker-PT-010	RC	lp	16	10	10	0	0	0.01	0	
full	Dekker-PT-010	RF	hscb	16	16	16	0	0	2.54	0	
full	Dekker-PT-010	RF	lp	16	3	3	0	0	0.01	0	
full	Dekker-PT-015	RC	hscb	16	13	13	0	0	8.71	0	
full	Dekker-PT-015	RC	lp	16	5	5	0	0	0.01	0	
full	Dekker-PT-015	RF	hscb	16	7	7	0	0	30.96	0	
full	Dekker-PT-015	RF	lp	16	1	1	0	0	0.01	0	
full	Dekker-PT-020	RC	hscb	16	0	0	0	0	60.04	124	
full	Dekker-PT-020	RC	lp	16	7	7	0	0	0.01	0	
full	Dekker-PT-020	RF	hscb	16	0	0	0	0	60.04	124	
full	Dekker-PT-020	RF	lp	16	0	0	0	0	0.01	0	
full	DES-PT-01a	RC	hscb	16	0	0	0	0	37.18	0	
full	DES-PT-01a	RC	lp	16	1	1	0	0	0.02	0	
full	DES-PT-01a	RF	hscb	16	2	2	0	0	29.04	0	
full	DES-PT-01a	RF	lp	16	2	2	0	0	0.02	0	
full	Diffusion2D-PT-D05N010	RC	hscb	16	12	12	0	0	14.97	0	
full	Diffusion2D-PT-D05N010	RC	lp	16	3	3	0	0	0.01	0	
full	Diffusion2D-PT-D05N010	RF	hscb	16	14	14	0	0	9.59	0	
full	Diffusion2D-PT-D05N010	RF	lp	16	0	0	0	0	0.01	0	
full	DiscoveryGPU-PT-06a	RC	hscb	16	16	16	0	0	1.99	0	
full	DiscoveryGPU-PT-06a	RC	lp	16	5	5	0	0	0.01	0	
full	DiscoveryGPU-PT-06a	RF	hscb	16	16	16	0	0	1.53	0	
full	DiscoveryGPU-PT-06a	RF	lp	16	0	0	0	0	0.01	0	
full	DiscoveryGPU-PT-07a	RC	hscb	16	16	16	0	0	1.39	0	
full	DiscoveryGPU-PT-07a	RC	lp	16	6	6	0	0	0.01	0	
full	DiscoveryGPU-PT-07a	RF	hscb	16	16	16	0	0	5.66	0	
full	DiscoveryGPU-PT-07a	RF	lp	16	2	2	0	0	0.01	0	
full	DiscoveryGPU-PT-08a	RC	hscb	16	16	16	0	0	7.58	0	
full	DiscoveryGPU-PT-08a	RC	lp	16	2	2	0	0	0.01	0	
full	DiscoveryGPU-PT-08a	RF	hscb	16	15	15	0	0	9.83	0	
full	DiscoveryGPU-PT-08a	RF	lp	16	0	0	0	0	0.01	0	
full	DLCround-PT-03a	RC	hscb	16	16	16	0	0	4.8	0	
full	DLCround-PT-03a	RC	lp	16	10	10	0	0	0.02	0	
full	DLCround-PT-03a	RF	hscb	16	11	11	0	0	13.46	0	
full	DLCround-PT-03a	RF	lp	16	1	1	0	0	0.01	0	
full	DLCround-PT-04a	RC	hscb	16	15	15	0	0	4.12	0	
full	DLCround-PT-04a	RC	lp	16	12	12	0	0	0.02	0	
full	DLCround-PT-04a	RF	hscb	16	14	14	0	0	6.33	0	
full	DLCround-PT-04a	RF	lp	16	1	1	0	0	0.01	0	
full	DNAwalker-PT-01track12Block1	RC	hscb	16	0	0	0	0	0.07	1	
full	DNAwalker-PT-01track12Block1	RC	lp	16	1	1	0	0	0.01	0	
full	DNAwalker-PT-01track12Block1	RF	hscb	16	0	0	0	0	0.07	1	
full	DNAwalker-PT-01track12Block1	RF	lp	16	0	0	0	0	0.01	0	
full	DNAwalker-PT-02track12Block2	RC	hscb	16	0	0	0	0	0.07	1	
full	DNAwalker-PT-02track12Block2	RC	lp	16	9	9	0	0	0.01	0	
full	DNAwalker-PT-02track12Block2	RF	hscb	16	0	0	0	0	0.07	1	
full	DNAwalker-PT-02track12Block2	RF	lp	16	0	0	0	0	0.01	0	
full	DNAwalker-PT-03track12BlockBoth	RC	hscb	16	0	0	0	0	0.08	1	
full	DNAwalker-PT-03track12BlockBoth	RC	lp	16	4	4	0	0	0.01	0	
full	DNAwalker-PT-03track12BlockBoth	RF	hscb	16	0	0	0	0	0.07	1	
full	DNAwalker-PT-03track12BlockBoth	RF	lp	16	1	1	0	0	0.01	0	
full	DNAwalker-PT-04track28LL	RC	hscb	16	0	0	0	0	0.08	1	
full	DNAwalker-PT-04track28LL	RC	lp	16	6	6	0	0	0.01	0	
full	DNAwalker-PT-04track28LL	RF	hscb	16	0	0	0	0	0.07	1	
full	DNAwalker-PT-04track28LL	RF	lp	16	0	0	0	0	0.01	0	
full	DNAwalker-PT-05track28LR	RC	hscb	16	0	0	0	0	0.07	1	
full	DNAwalker-PT-05track28LR	RC	lp	16	2	2	0	0	0.01	0	
full	DNAwalker-PT-05track28LR	RF	hscb	16	0	0	0	0	0.07	1	
full	DNAwalker-PT-05track28LR	RF	lp	16	0	0	0	0	0.01	0	
full	DNAwalker-PT-08ringLL	RC	hscb	16	0	0	0	0	0.07	1	
full	DNAwalker-PT-08ringLL	RC	lp	16	5	5	0	0	0.01	0	
full	DNAwalker-PT-08ringLL	RF	hscb	16	0	0	0	0	0.07	1	
full	DNAwalker-PT-08ringLL	RF	lp	16	0	0	0	0	0.01	0	
full	DNAwalker-PT-09ringLR	RC	hscb	16	0	0	0	0	0.08	1	
full	DNAwalker-PT-09ringLR	RC	lp	16	4	4	0	0	0.01	0	
full	DNAwalker-PT-09ringLR	RF	hscb	16	0	0	0	0	0.07	1	
full	DNAwalker-PT-09ringLR	RF	lp	16	0	0	0	0	0.01	0	
full	DoubleExponent-PT-001	RC	hscb	16	7	7	0	0	0.08	0	
full	DoubleExponent-PT-001	RC	lp	16	3	3	0	0	0.01	0	
full	DoubleExponent-PT-001	RF	hscb	16	7	7	0	0	0.08	0	
full	DoubleExponent-PT-001	RF	lp	16	1	1	0	0	0.01	0	
full	DoubleExponent-PT-002	RC	hscb	16	1	1	0	0	0.76	0	
full	DoubleExponent-PT-002	RC	lp	16	7	7	0	0	0.07	0	
full	DoubleExponent-PT-002	RF	hscb	16	1	1	0	0	1.42	0	
full	DoubleExponent-PT-002	RF	lp	16	3	3	0	0	0.03	0	
full	DoubleExponent-PT-003	RC	hscb	16	1	1	0	0	0.07	0	
full	DoubleExponent-PT-003	RC	lp	16	7	7	0	0	0.18	0	
full	DoubleExponent-PT-003	RF	hscb	16	1	1	0	0	0.84	0	
full	DoubleExponent-PT-003	RF	lp	16	8	8	0	0	0.04	0	
full	DrinkVendingMachine-PT-02	RC	hscb	16	16	16	0	0	0.18	0	
full	DrinkVendingMachine-PT-02	RC	lp	16	1	1	0	0	0.01	0	
full	DrinkVendingMachine-PT-02	RF	hscb	16	16	16	0	0	0.14	0	
full	DrinkVendingMachine-PT-02	RF	lp	16	3	3	0	0	0.01	0	
full	EGFr-PT-02010	RC	hscb	16	15	15	0	0	1.95	0	
full	EGFr-PT-02010	RC	lp	16	10	10	0	0	0.01	0	
full	EGFr-PT-02010	RF	hscb	16	16	16	0	0	4.85	0	
full	EGFr-PT-02010	RF	lp	16	1	1	0	0	0.01	0	
full	EisenbergMcGuire-PT-03	RC	hscb	16	5	5	0	0	24.05	0	
full	EisenbergMcGuire-PT-03	RC	lp	16	2	2	0	0	0.01	0	
full	EisenbergMcGuire-PT-03	RF	hscb	16	6	6	0	0	22.39	0	
full	EisenbergMcGuire-PT-03	RF	lp	16	2	2	0	0	0.01	0	
full	EisenbergMcGuire-PT-04	RC	hscb	16	7	7	0	0	18.5	0	
full	EisenbergMcGuire-PT-04	RC	lp	16	4	4	0	0	0.02	0	
full	EisenbergMcGuire-PT-04	RF	hscb	16	2	2	0	0	28.68	0	
full	EisenbergMcGuire-PT-04	RF	lp	16	1	1	0	0	0.01	0	
full	EisenbergMcGuire-PT-05	RC	hscb	16	6	6	0	0	24.36	0	
full	EisenbergMcGuire-PT-05	RC	lp	16	5	5	0	0	0.02	0	
full	EisenbergMcGuire-PT-05	RF	hscb	16	3	3	0	0	27.89	0	
full	EisenbergMcGuire-PT-05	RF	lp	16	1	1	0	0	0.05	0	
full	Eratosthenes-PT-010	RC	hscb	16	1	1	0	0	0.07	0	
full	Eratosthenes-PT-010	RC	lp	16	3	3	0	0	0.0	0	
full	Eratosthenes-PT-010	RF	hscb	16	0	0	0	0	0.07	0	
full	Eratosthenes-PT-010	RF	lp	16	0	0	0	0	0.01	0	
full	Eratosthenes-PT-020	RC	hscb	16	7	7	0	0	0.07	0	
full	Eratosthenes-PT-020	RC	lp	16	13	13	0	0	0.01	0	
full	Eratosthenes-PT-020	RF	hscb	16	0	0	0	0	0.07	0	
full	Eratosthenes-PT-020	RF	lp	16	1	1	0	0	0.01	0	
full	ERK-PT-000001	RC	hscb	16	16	16	0	0	0.07	0	
full	ERK-PT-000001	RC	lp	16	2	2	0	0	0.01	0	
full	ERK-PT-000001	RF	hscb	16	16	16	0	0	0.07	0	
full	ERK-PT-000001	RF	lp	16	3	3	0	0	0.01	0	
full	ERK-PT-000010	RC	hscb	16	15	15	0	0	0.52	0	
full	ERK-PT-000010	RC	lp	16	2	2	0	0	0.01	0	
full	ERK-PT-000010	RF	hscb	16	16	16	0	0	0.12	0	
full	ERK-PT-000010	RF	lp	16	4	4	0	0	0.01	0	
full	ErlangenMainframeV1-PT-bP01C01	RC	hscb	16	6	6	0	0	21.4	0	
full	ErlangenMainframeV1-PT-bP01C01	RC	lp	16	5	5	0	0	0.02	0	
full	ErlangenMainframeV1-PT-bP01C01	RF	hscb	16	1	1	0	0	33.19	0	
full	ErlangenMainframeV1-PT-bP01C01	RF	lp	16	0	0	0	0	0.02	0	
full	FamilyReunion-PT-L00050M0005C002P002G001	RC	hscb	16	0	0	0	0	60.12	124	
full	FamilyReunion-PT-L00050M0005C002P002G001	RC	lp	16	4	4	0	0	14.02	0	
full	FamilyReunion-PT-L00050M0005C002P002G001	RF	hscb	16	0	0	0	0	60.11	124	
full	FamilyReunion-PT-L00050M0005C002P002G001	RF	lp	16	0	0	0	0	0.1	0	
full	FileSystem-PT-N02I05B05	RC	hscb	16	11	11	0	0	7.21	0	
full	FileSystem-PT-N02I05B05	RC	lp	16	3	3	0	0	0.01	0	
full	FileSystem-PT-N02I05B05	RF	hscb	16	11	11	0	0	15.34	0	
full	FileSystem-PT-N02I05B05	RF	lp	16	0	0	0	0	0.01	0	
full	FileSystem-PT-N02I10B08	RC	hscb	16	0	0	0	0	60.02	124	
full	FileSystem-PT-N02I10B08	RC	lp	16	8	8	0	0	0.12	0	
full	FileSystem-PT-N02I10B08	RF	hscb	16	0	0	0	0	60.02	124	
full	FileSystem-PT-N02I10B08	RF	lp	16	0	0	0	0	0.01	0	
full	FileSystem-PT-N02I10B10	RC	hscb	16	0	0	0	0	60.03	124	
full	FileSystem-PT-N02I10B10	RC	lp	16	7	7	0	0	0.08	0	
full	FileSystem-PT-N02I10B10	RF	hscb	16	0	0	0	0	60.03	124	
full	FileSystem-PT-N02I10B10	RF	lp	16	0	0	0	0	0.1	0	
full	FileSystem-PT-N02I15B15	RC	hscb	16	0	0	0	0	60.07	124	
full	FileSystem-PT-N02I15B15	RC	lp	16	7	7	0	0	0.06	0	
full	FileSystem-PT-N02I15B15	RF	hscb	16	0	0	0	0	60.07	124	
full	FileSystem-PT-N02I15B15	RF	lp	16	0	0	0	0	0.04	0	
full	FileSystem-PT-N03I10B08	RC	hscb	16	0	0	0	0	60.02	124	
full	FileSystem-PT-N03I10B08	RC	lp	16	6	6	0	0	0.02	0	
full	FileSystem-PT-N03I10B08	RF	hscb	16	0	0	0	0	60.02	124	
full	FileSystem-PT-N03I10B08	RF	lp	16	1	1	0	0	0.08	0	
full	FileSystem-PT-N03I10B10	RC	hscb	16	0	0	0	0	60.02	124	
full	FileSystem-PT-N03I10B10	RC	lp	16	7	7	0	0	0.06	0	
full	FileSystem-PT-N03I10B10	RF	hscb	16	0	0	0	0	60.03	124	
full	FileSystem-PT-N03I10B10	RF	lp	16	1	1	0	0	0.13	0	
full	FileSystem-PT-N03I10B15	RC	hscb	16	0	0	0	0	60.03	124	
full	FileSystem-PT-N03I10B15	RC	lp	16	6	6	0	0	0.13	0	
full	FileSystem-PT-N03I10B15	RF	hscb	16	0	0	0	0	60.03	124	
full	FileSystem-PT-N03I10B15	RF	lp	16	2	2	0	0	0.13	0	
full	FileSystem-PT-N05I10B10	RC	hscb	16	0	0	0	0	60.03	124	
full	FileSystem-PT-N05I10B10	RC	lp	16	6	6	0	0	0.02	0	
full	FileSystem-PT-N05I10B10	RF	hscb	16	0	0	0	0	60.03	124	
full	FileSystem-PT-N05I10B10	RF	lp	16	1	1	0	0	0.04	0	
full	FileSystem-PT-N05I10B15	RC	hscb	16	0	0	0	0	60.04	124	
full	FileSystem-PT-N05I10B15	RC	lp	16	6	6	0	0	0.04	0	
full	FileSystem-PT-N05I10B15	RF	hscb	16	0	0	0	0	60.04	124	
full	FileSystem-PT-N05I10B15	RF	lp	16	0	0	0	0	0.02	0	
full	FireWire-PT-01	RC	hscb	16	6	6	0	0	21.81	0	
full	FireWire-PT-01	RC	lp	16	4	4	0	0	0.02	0	
full	FireWire-PT-01	RF	hscb	16	7	7	0	0	18.78	0	
full	FireWire-PT-01	RF	lp	16	3	3	0	0	0.03	0	
full	FireWire-PT-02	RC	hscb	16	8	8	0	0	18.2	0	
full	FireWire-PT-02	RC	lp	16	6	6	0	0	0.04	0	
full	FireWire-PT-02	RF	hscb	16	7	7	0	0	20.54	0	
full	FireWire-PT-02	RF	lp	16	3	3	0	0	0.05	0	
full	FireWire-PT-03	RC	hscb	16	6	6	0	0	27.27	0	
full	FireWire-PT-03	RC	lp	16	3	3	0	0	0.05	0	
full	FireWire-PT-03	RF	hscb	16	5	5	0	0	22.49	0	
full	FireWire-PT-03	RF	lp	16	0	0	0	0	0.01	0	
full	FireWire-PT-04	RC	hscb	16	4	4	0	0	25.46	0	
full	FireWire-PT-04	RC	lp	16	2	2	0	0	0.02	0	
full	FireWire-PT-04	RF	hscb	16	4	4	0	0	24.61	0	
full	FireWire-PT-04	RF	lp	16	2	2	0	0	0.02	0	
full	FireWire-PT-05	RC	hscb	16	8	8	0	0	20.2	0	
full	FireWire-PT-05	RC	lp	16	4	4	0	0	0.03	0	
full	FireWire-PT-05	RF	hscb	16	6	6	0	0	22.26	0	
full	FireWire-PT-05	RF	lp	16	3	3	0	0	0.04	0	
full	FireWire-PT-06	RC	hscb	16	7	7	0	0	21.54	0	
full	FireWire-PT-06	RC	lp	16	2	2	0	0	0.02	0	
full	FireWire-PT-06	RF	hscb	16	5	5	0	0	26.07	0	
full	FireWire-PT-06	RF	lp	16	0	0	0	0	0.02	0	
full	FireWire-PT-07	RC	hscb	16	6	6	0	0	22.58	0	
full	FireWire-PT-07	RC	lp	16	4	4	0	0	0.04	0	
full	FireWire-PT-07	RF	hscb	16	7	7	0	0	18.46	0	
full	FireWire-PT-07	RF	lp	16	3	3	0	0	0.05	0	
full	FireWire-PT-08	RC	hscb	16	6	6	0	0	20.45	0	
full	FireWire-PT-08	RC	lp	16	3	3	0	0	0.02	0	
full	FireWire-PT-08	RF	hscb	16	3	3	0	0	26.53	0	
full	FireWire-PT-08	RF	lp	16	1	1	0	0	0.02	0	
full	FireWire-PT-09	RC	hscb	16	5	5	0	0	22.72	0	
full	FireWire-PT-09	RC	lp	16	4	4	0	0	0.05	0	
full	FireWire-PT-09	RF	hscb	16	5	5	0	0	23.39	0	
full	FireWire-PT-09	RF	lp	16	0	0	0	0	0.02	0	
full	FireWire-PT-10	RC	hscb	16	5	5	0	0	22.75	0	
full	FireWire-PT-10	RC	lp	16	3	3	0	0	0.03	0	
full	FireWire-PT-10	RF	hscb	16	8	8	0	0	16.87	0	
full	FireWire-PT-10	RF	lp	16	3	3	0	0	0.02	0	
full	FireWire-PT-12	RC	hscb	16	5	5	0	0	29.63	0	
full	FireWire-PT-12	RC	lp	16	5	5	0	0	0.02	0	
full	FireWire-PT-12	RF	hscb	16	8	8	0	0	18.42	0	
full	FireWire-PT-12	RF	lp	16	4	4	0	0	0.09	0	
full	FireWire-PT-13	RC	hscb	16	3	3	0	0	28.88	0	
full	FireWire-PT-13	RC	lp	16	3	3	0	0	0.09	0	
full	FireWire-PT-13	RF	hscb	16	5	5	0	0	22.98	0	
full	FireWire-PT-13	RF	lp	16	1	1	0	0	0.05	0	
full	FireWire-PT-14	RC	hscb	16	8	8	0	0	18.97	0	
full	FireWire-PT-14	RC	lp	16	7	7	0	0	0.07	0	
full	FireWire-PT-14	RF	hscb	16	6	6	0	0	21.17	0	
full	FireWire-PT-14	RF	lp	16	0	0	0	0	0.03	0	
full	FireWire-PT-15	RC	hscb	16	7	7	0	0	19.04	0	
full	FireWire-PT-15	RC	lp	16	6	6	0	0	0.07	0	
full	FireWire-PT-15	RF	hscb	16	4	4	0	0	25.84	0	
full	FireWire-PT-15	RF	lp	16	2	2	0	0	0.06	0	
full	FireWire-PT-16	RC	hscb	16	9	9	0	0	15.94	0	
full	FireWire-PT-16	RC	lp	16	4	4	0	0	0.11	0	
full	FireWire-PT-16	RF	hscb	16	1	1	0	0	29.82	0	
full	FireWire-PT-16	RF	lp	16	0	0	0	0	0.03	0	
full	FlexibleBarrier-PT-04a	RC	hscb	16	16	16	0	0	0.49	0	
full	FlexibleBarrier-PT-04a	RC	lp	16	6	6	0	0	0.01	0	
full	FlexibleBarrier-PT-04a	RF	hscb	16	16	16	0	0	0.24	0	
full	FlexibleBarrier-PT-04a	RF	lp	16	2	2	0	0	0.01	0	
full	FlexibleBarrier-PT-04b	RC	hscb	16	4	4	0	0	29.78	0	
full	FlexibleBarrier-PT-04b	RC	lp	16	2	2	0	0	0.03	0	
full	FlexibleBarrier-PT-04b	RF	hscb	16	2	2	0	0	33.32	0	
full	FlexibleBarrier-PT-04b	RF	lp	16	1	1	0	0	0.03	0	
full	FlexibleBarrier-PT-06a	RC	hscb	16	14	14	0	0	4.46	0	
full	FlexibleBarrier-PT-06a	RC	lp	16	7	7	0	0	0.01	0	
full	FlexibleBarrier-PT-06a	RF	hscb	16	16	16	0	0	0.34	0	
full	FlexibleBarrier-PT-06a	RF	lp	16	2	2	0	0	0.01	0	
full	FlexibleBarrier-PT-08a	RC	hscb	16	16	16	0	0	3.22	0	
full	FlexibleBarrier-PT-08a	RC	lp	16	9	9	0	0	0.02	0	
full	FlexibleBarrier-PT-08a	RF	hscb	16	10	10	0	0	19.19	0	
full	FlexibleBarrier-PT-08a	RF	lp	16	0	0	0	0	0.01	0	
full	FMS-PT-00002	RC	hscb	16	5	5	0	0	0.07	0	
full	FMS-PT-00002	RC	lp	16	10	10	0	0	0.01	0	
full	FMS-PT-00002	RF	hscb	16	4	4	0	0	0.07	0	
full	FMS-PT-00002	RF	lp	16	3	3	0	0	0.01	0	
full	FMS-PT-00005	RC	hscb	16	6	6	0	0	0.09	0	
full	FMS-PT-00005	RC	lp	16	4	4	0	0	0.01	0	
full	FMS-PT-00005	RF	hscb	16	6	6	0	0	0.08	0	
full	FMS-PT-00005	RF	lp	16	0	0	0	0	0.01	0	
full	FunctionPointer-PT-a008	RC	hscb	16	1	1	0	0	0.07	0	
full	FunctionPointer-PT-a008	RC	lp	16	5	5	0	0	0.01	0	
full	FunctionPointer-PT-a008	RF	hscb	16	2	2	0	0	0.07	0	
full	FunctionPointer-PT-a008	RF	lp	16	7	7	0	0	0.01	0	
full	GlobalResAllocation-PT-03	RC	hscb	16	4	4	0	0	0.31	0	
full	GlobalResAllocation-PT-03	RC	lp	16	11	11	0	0	0.26	0	
full	GlobalResAllocation-PT-03	RF	hscb	16	3	3	0	0	0.53	0	
full	GlobalResAllocation-PT-03	RF	lp	16	6	6	0	0	0.4	0	
full	GPPP-PT-C0001N0000000001	RC	hscb	16	4	4	0	0	0.06	0	
full	GPPP-PT-C0001N0000000001	RC	lp	16	9	9	0	0	0.01	0	
full	GPPP-PT-C0001N0000000001	RF	hscb	16	1	1	0	0	0.06	0	
full	GPPP-PT-C0001N0000000001	RF	lp	16	1	1	0	0	0.01	0	
full	GPPP-PT-C0001N0000000010	RC	hscb	16	2	2	0	0	4.75	0	
full	GPPP-PT-C0001N0000000010	RC	lp	16	15	15	0	0	0.01	0	
full	GPPP-PT-C0001N0000000010	RF	hscb	16	2	2	0	0	1.07	0	
full	GPPP-PT-C0001N0000000010	RF	lp	16	2	2	0	0	0.01	0	
full	GPPP-PT-C0001N0000000100	RC	hscb	16	0	0	0	0	10.45	0	
full	GPPP-PT-C0001N0000000100	RC	lp	16	11	11	0	0	0.01	0	
full	GPPP-PT-C0001N0000000100	RF	hscb	16	0	0	0	0	6.47	0	
full	GPPP-PT-C0001N0000000100	RF	lp	16	1	1	0	0	0.01	0	
full	GPUForwardProgress-PT-04a	RC	hscb	16	16	16	0	0	0.14	0	
full	GPUForwardProgress-PT-04a	RC	lp	16	1	1	0	0	0.01	0	
full	GPUForwardProgress-PT-04a	RF	hscb	16	16	16	0	0	0.09	0	
full	GPUForwardProgress-PT-04a	RF	lp	16	0	0	0	0	0.01	0	
full	GPUForwardProgress-PT-04b	RC	hscb	16	10	10	0	0	18.63	0	
full	GPUForwardProgress-PT-04b	RC	lp	16	5	5	0	0	0.02	0	
full	GPUForwardProgress-PT-04b	RF	hscb	16	8	8	0	0	27.01	0	
full	GPUForwardProgress-PT-04b	RF	lp	16	1	1	0	0	0.01	0	
full	GPUForwardProgress-PT-08a	RC	hscb	16	15	15	0	0	4.88	0	
full	GPUForwardProgress-PT-08a	RC	lp	16	6	6	0	0	0.01	0	
full	GPUForwardProgress-PT-08a	RF	hscb	16	16	16	0	0	2.53	0	
full	GPUForwardProgress-PT-08a	RF	lp	16	3	3	0	0	0.01	0	
full	GPUForwardProgress-PT-12a	RC	hscb	16	10	10	0	0	19.67	0	
full	GPUForwardProgress-PT-12a	RC	lp	16	11	11	0	0	0.01	0	
full	GPUForwardProgress-PT-12a	RF	hscb	16	8	8	0	0	22.04	0	
full	GPUForwardProgress-PT-12a	RF	lp	16	0	0	0	0	0.01	0	
full	HealthRecord-PT-01	RC	hscb	16	14	14	0	0	8.82	0	
full	HealthRecord-PT-01	RC	lp	16	2	2	0	0	0.01	0	
full	HealthRecord-PT-01	RF	hscb	16	16	16	0	0	6.52	0	
full	HealthRecord-PT-01	RF	lp	16	2	2	0	0	0.02	0	
full	HealthRecord-PT-02	RC	hscb	16	14	14	0	0	5.78	0	
full	HealthRecord-PT-02	RC	lp	16	2	2	0	0	0.02	0	
full	HealthRecord-PT-02	RF	hscb	16	12	12	0	0	11.74	0	
full	HealthRecord-PT-02	RF	lp	16	4	4	0	0	0.02	0	
full	HealthRecord-PT-03	RC	hscb	16	13	13	0	0	9.33	0	
full	HealthRecord-PT-03	RC	lp	16	5	5	0	0	0.02	0	
full	HealthRecord-PT-03	RF	hscb	16	14	14	0	0	9.37	0	
full	HealthRecord-PT-03	RF	lp	16	3	3	0	0	0.02	0	
full	HealthRecord-PT-04	RC	hscb	16	13	13	0	0	11.33	0	
full	HealthRecord-PT-04	RC	lp	16	5	5	0	0	0.03	0	
full	HealthRecord-PT-04	RF	hscb	16	13	13	0	0	12.52	0	
full	HealthRecord-PT-04	RF	lp	16	1	1	0	0	0.01	0	
full	HealthRecord-PT-05	RC	hscb	16	15	15	0	0	9.19	0	
full	HealthRecord-PT-05	RC	lp	16	6	6	0	0	0.02	0	
full	HealthRecord-PT-05	RF	hscb	16	15	15	0	0	7.89	0	
full	HealthRecord-PT-05	RF	lp	16	1	1	0	0	0.01	0	
full	HealthRecord-PT-06	RC	hscb	16	12	12	0	0	20.94	0	
full	HealthRecord-PT-06	RC	lp	16	3	3	0	0	0.01	0	
full	HealthRecord-PT-06	RF	hscb	16	6	6	0	0	26.86	0	
full	HealthRecord-PT-06	RF	lp	16	0	0	0	0	0.01	0	
full	HealthRecord-PT-07	RC	hscb	16	4	4	0	0	34.54	0	
full	HealthRecord-PT-07	RC	lp	16	2	2	0	0	0.02	0	
full	HealthRecord-PT-07	RF	hscb	16	8	8	0	0	23.53	0	
full	HealthRecord-PT-07	RF	lp	16	3	3	0	0	0.03	0	
full	HealthRecord-PT-08	RC	hscb	16	6	6	0	0	28.45	0	
full	HealthRecord-PT-08	RC	lp	16	5	5	0	0	0.02	0	
full	HealthRecord-PT-08	RF	hscb	16	2	2	0	0	30.09	0	
full	HealthRecord-PT-08	RF	lp	16	1	1	0	0	0.01	0	
full	HealthRecord-PT-09	RC	hscb	16	4	4	0	0	26.63	0	
full	HealthRecord-PT-09	RC	lp	16	3	3	0	0	0.02	0	
full	HealthRecord-PT-09	RF	hscb	16	3	3	0	0	31.95	0	
full	HealthRecord-PT-09	RF	lp	16	1	1	0	0	0.01	0	
full	HexagonalGrid-PT-110	RC	hscb	16	15	15	0	0	0.3	0	
full	HexagonalGrid-PT-110	RC	lp	16	10	10	0	0	0.01	0	
full	HexagonalGrid-PT-110	RF	hscb	16	16	16	0	0	0.35	0	
full	HexagonalGrid-PT-110	RF	lp	16	2	2	0	0	0.01	0	
full	HexagonalGrid-PT-126	RC	hscb	16	16	16	0	0	0.38	0	
full	HexagonalGrid-PT-126	RC	lp	16	16	16	0	0	0.01	0	
full	HexagonalGrid-PT-126	RF	hscb	16	16	16	0	0	2.27	0	
full	HexagonalGrid-PT-126	RF	lp	16	1	1	0	0	0.01	0	
full	HirschbergSinclair-PT-05	RC	hscb	16	3	3	0	0	0.09	0	
full	HirschbergSinclair-PT-05	RC	lp	16	5	5	0	0	0.01	0	
full	HirschbergSinclair-PT-05	RF	hscb	16	5	5	0	0	2.3	0	
full	HirschbergSinclair-PT-05	RF	lp	16	3	3	0	0	0.01	0	
full	HouseConstruction-PT-00002	RC	hscb	16	0	0	0	0	0.06	1	
full	HouseConstruction-PT-00002	RC	lp	16	2	2	0	0	0.01	0	
full	HouseConstruction-PT-00002	RF	hscb	16	0	0	0	0	0.07	1	
full	HouseConstruction-PT-00002	RF	lp	16	0	0	0	0	0.0	0	
full	HouseConstruction-PT-00005	RC	hscb	16	0	0	0	0	0.07	1	
full	HouseConstruction-PT-00005	RC	lp	16	5	5	0	0	0.01	0	
full	HouseConstruction-PT-00005	RF	hscb	16	0	0	0	0	0.06	1	
full	HouseConstruction-PT-00005	RF	lp	16	0	0	0	0	0.01	0	
full	HypertorusGrid-PT-d2k1p8b00	RC	hscb	16	16	16	0	0	0.72	0	
full	HypertorusGrid-PT-d2k1p8b00	RC	lp	16	7	7	0	0	0.01	0	
full	HypertorusGrid-PT-d2k1p8b00	RF	hscb	16	16	16	0	0	0.11	0	
full	HypertorusGrid-PT-d2k1p8b00	RF	lp	16	4	4	0	0	0.01	0	
full	IBM319-PT-none	RC	hscb	16	12	12	0	0	7.22	0	
full	IBM319-PT-none	RC	lp	16	9	9	0	0	0.02	0	
full	IBM319-PT-none	RF	hscb	16	15	15	0	0	1.09	0	
full	IBM319-PT-none	RF	lp	16	9	9	0	0	0.04	0	
full	IBM5964-PT-none	RC	hscb	16	2	2	0	0	0.07	0	
full	IBM5964-PT-none	RC	lp	16	11	11	0	0	0.04	0	
full	IBM5964-PT-none	RF	hscb	16	3	3	0	0	0.07	0	
full	IBM5964-PT-none	RF	lp	16	12	12	0	0	0.04	0	
full	IBM703-PT-none	RC	hscb	16	16	16	0	0	0.26	0	
full	IBM703-PT-none	RC	lp	16	6	6	0	0	0.03	0	
full	IBM703-PT-none	RF	hscb	16	16	16	0	0	1.33	0	
full	IBM703-PT-none	RF	lp	16	7	7	0	0	0.05	0	
full	IOTPpurchase-PT-C01M01P01D01	RC	hscb	16	14	14	0	0	8.93	0	
full	IOTPpurchase-PT-C01M01P01D01	RC	lp	16	1	1	0	0	0.01	0	
full	IOTPpurchase-PT-C01M01P01D01	RF	hscb	16	16	16	0	0	0.89	0	
full	IOTPpurchase-PT-C01M01P01D01	RF	lp	16	0	0	0	0	0.01	0	
full	IOTPpurchase-PT-C03M03P03D03	RC	hscb	16	2	2	0	0	0.07	0	
full	IOTPpurchase-PT-C03M03P03D03	RC	lp	16	8	8	0	0	0.02	0	
full	IOTPpurchase-PT-C03M03P03D03	RF	hscb	16	1	1	0	0	0.55	0	
full	IOTPpurchase-PT-C03M03P03D03	RF	lp	16	0	0	0	0	0.01	0	
full	IOTPpurchase-PT-C05M04P03D02	RC	hscb	16	2	2	0	0	0.45	0	
full	IOTPpurchase-PT-C05M04P03D02	RC	lp	16	4	4	0	0	0.01	0	
full	IOTPpurchase-PT-C05M04P03D02	RF	hscb	16	2	2	0	0	1.07	0	
full	IOTPpurchase-PT-C05M04P03D02	RF	lp	16	0	0	0	0	0.01	0	
full	JoinFreeModules-PT-0003	RC	hscb	16	15	15	0	0	1.48	0	
full	JoinFreeModules-PT-0003	RC	lp	16	3	3	0	0	0.01	0	
full	JoinFreeModules-PT-0003	RF	hscb	16	16	16	0	0	0.39	0	
full	JoinFreeModules-PT-0003	RF	lp	16	2	2	0	0	0.01	0	
full	JoinFreeModules-PT-0004	RC	hscb	16	12	12	0	0	15.88	0	
full	JoinFreeModules-PT-0004	RC	lp	16	0	0	0	0	0.01	0	
full	JoinFreeModules-PT-0004	RF	hscb	16	14	14	0	0	6.78	0	
full	JoinFreeModules-PT-0004	RF	lp	16	1	1	0	0	0.01	0	
full	Kanban-PT-00005	RC	hscb	16	6	6	0	0	0.69	0	
full	Kanban-PT-00005	RC	lp	16	3	3	0	0	0.01	0	
full	Kanban-PT-00005	RF	hscb	16	7	7	0	0	0.77	0	
full	Kanban-PT-00005	RF	lp	16	3	3	0	0	0.01	0	
full	LamportFastMutEx-PT-2	RC	hscb	16	15	15	0	0	0.4	0	
full	LamportFastMutEx-PT-2	RC	lp	16	4	4	0	0	0.01	0	
full	LamportFastMutEx-PT-2	RF	hscb	16	16	16	0	0	0.43	0	
full	LamportFastMutEx-PT-2	RF	lp	16	1	1	0	0	0.01	0	
full	LamportFastMutEx-PT-3	RC	hscb	16	16	16	0	0	1.47	0	
full	LamportFastMutEx-PT-3	RC	lp	16	13	13	0	0	0.01	0	
full	LamportFastMutEx-PT-3	RF	hscb	16	11	11	0	0	16.14	0	
full	LamportFastMutEx-PT-3	RF	lp	16	4	4	0	0	0.01	0	
full	LamportFastMutEx-PT-4	RC	hscb	16	12	12	0	0	18.36	0	
full	LamportFastMutEx-PT-4	RC	lp	16	11	11	0	0	0.02	0	
full	LamportFastMutEx-PT-4	RF	hscb	16	3	3	0	0	39.23	0	
full	LamportFastMutEx-PT-4	RF	lp	16	2	2	0	0	0.01	0	
full	LamportFastMutEx-PT-5	RC	hscb	16	6	6	0	0	30.84	0	
full	LamportFastMutEx-PT-5	RC	lp	16	7	7	0	0	0.02	0	
full	LamportFastMutEx-PT-5	RF	hscb	16	4	4	0	0	38.62	0	
full	LamportFastMutEx-PT-5	RF	lp	16	2	2	0	0	0.02	0	
full	LastZero-PT-N08	RC	hscb	16	4	4	0	0	0.31	0	
full	LastZero-PT-N08	RC	lp	16	7	7	0	0	0.02	0	
full	LastZero-PT-N08	RF	hscb	16	4	4	0	0	0.1	0	
full	LastZero-PT-N08	RF	lp	16	7	7	0	0	0.01	0	
full	LastZero-PT-N10	RC	hscb	16	8	8	0	0	3.1	0	
full	LastZero-PT-N10	RC	lp	16	4	4	0	0	0.02	0	
full	LastZero-PT-N10	RF	hscb	16	5	5	0	0	0.12	0	
full	LastZero-PT-N10	RF	lp	16	10	10	0	0	0.03	0	
full	LastZero-PT-N12	RC	hscb	16	4	4	0	0	4.39	0	
full	LastZero-PT-N12	RC	lp	16	4	4	0	0	0.03	0	
full	LastZero-PT-N12	RF	hscb	16	1	1	0	0	0.18	0	
full	LastZero-PT-N12	RF	lp	16	6	6	0	0	0.02	0	
full	LastZero-PT-N14	RC	hscb	16	5	5	0	0	4.64	0	
full	LastZero-PT-N14	RC	lp	16	7	7	0	0	0.05	0	
full	LastZero-PT-N14	RF	hscb	16	4	4	0	0	0.28	0	
full	LastZero-PT-N14	RF	lp	16	7	7	0	0	0.02	0	
full	LeafsetExtension-PT-S08C2	RC	hscb	16	0	0	0	0	8.39	0	
full	LeafsetExtension-PT-S08C2	RC	lp	16	6	6	0	0	0.02	0	
full	LeafsetExtension-PT-S08C2	RF	hscb	16	0	0	0	0	0.27	0	
full	LeafsetExtension-PT-S08C2	RF	lp	16	2	2	0	0	0.03	0	
full	LeafsetExtension-PT-S08C3	RC	hscb	16	2	2	0	0	6.35	0	
full	LeafsetExtension-PT-S08C3	RC	lp	16	9	9	0	0	0.04	0	
full	LeafsetExtension-PT-S08C3	RF	hscb	16	0	0	0	0	2.28	0	
full	LeafsetExtension-PT-S08C3	RF	lp	16	0	0	0	0	0.01	0	
full	LeafsetExtension-PT-S16C2	RC	hscb	16	0	0	0	0	60.08	124	
full	LeafsetExtension-PT-S16C2	RC	lp	16	7	7	0	0	0.04	0	
full	LeafsetExtension-PT-S16C2	RF	hscb	16	0	0	0	0	60.08	124	
full	LeafsetExtension-PT-S16C2	RF	lp	16	0	0	0	0	0.02	0	
full	MAPKbis-PT-5320	RC	hscb	16	14	14	0	0	9.43	0	
full	MAPKbis-PT-5320	RC	lp	16	6	6	0	0	0.01	0	
full	MAPKbis-PT-5320	RF	hscb	16	15	15	0	0	3.97	0	
full	MAPKbis-PT-5320	RF	lp	16	0	0	0	0	0.01	0	
full	MAPK-PT-00008	RC	hscb	16	6	6	0	0	0.15	0	
full	MAPK-PT-00008	RC	lp	16	10	10	0	0	0.01	0	
full	MAPK-PT-00008	RF	hscb	16	2	2	0	0	0.07	0	
full	MAPK-PT-00008	RF	lp	16	0	0	0	0	0.01	0	
full	MedleyA-PT-01	RC	hscb	16	15	15	0	0	5.42	0	
full	MedleyA-PT-01	RC	lp	16	8	8	0	0	0.01	0	
full	MedleyA-PT-01	RF	hscb	16	16	16	0	0	4.73	0	
full	MedleyA-PT-01	RF	lp	16	1	1	0	0	0.01	0	
full	MedleyA-PT-02	RC	hscb	16	15	15	0	0	8.89	0	
full	MedleyA-PT-02	RC	lp	16	6	6	0	0	0.02	0	
full	MedleyA-PT-02	RF	hscb	16	15	15	0	0	19.41	0	
full	MedleyA-PT-02	RF	lp	16	1	1	0	0	0.02	0	
full	MedleyA-PT-03	RC	hscb	16	3	3	0	0	29.65	0	
full	MedleyA-PT-03	RC	lp	16	4	4	0	0	0.01	0	
full	MedleyA-PT-03	RF	hscb	16	4	4	0	0	24.72	0	
full	MedleyA-PT-03	RF	lp	16	1	1	0	0	0.02	0	
full	MedleyA-PT-04	RC	hscb	16	10	10	0	0	17.29	0	
full	MedleyA-PT-04	RC	lp	16	4	4	0	0	0.02	0	
full	MedleyA-PT-04	RF	hscb	16	9	9	0	0	19.45	0	
full	MedleyA-PT-04	RF	lp	16	1	1	0	0	0.02	0	
full	MedleyA-PT-06	RC	hscb	16	11	11	0	0	20.34	0	
full	MedleyA-PT-06	RC	lp	16	3	3	0	0	0.01	0	
full	MedleyA-PT-06	RF	hscb	16	14	14	0	0	10.58	0	
full	MedleyA-PT-06	RF	lp	16	3	3	0	0	0.02	0	
full	MedleyA-PT-07	RC	hscb	16	5	5	0	0	28.5	0	
full	MedleyA-PT-07	RC	lp	16	5	5	0	0	0.02	0	
full	MedleyA-PT-07	RF	hscb	16	4	4	0	0	28.88	0	
full	MedleyA-PT-07	RF	lp	16	3	3	0	0	0.02	0	
full	MedleyA-PT-08	RC	hscb	16	7	7	0	0	20.11	0	
full	MedleyA-PT-08	RC	lp	16	3	3	0	0	0.03	0	
full	MedleyA-PT-08	RF	hscb	16	3	3	0	0	29.4	0	
full	MedleyA-PT-08	RF	lp	16	2	2	0	0	0.01	0	
full	MedleyA-PT-09	RC	hscb	16	3	3	0	0	34.5	0	
full	MedleyA-PT-09	RC	lp	16	1	1	0	0	0.02	0	
full	MedleyA-PT-09	RF	hscb	16	4	4	0	0	31.14	0	
full	MedleyA-PT-09	RF	lp	16	1	1	0	0	0.01	0	
full	MedleyA-PT-10	RC	hscb	16	2	2	0	0	29.83	0	
full	MedleyA-PT-10	RC	lp	16	2	2	0	0	0.09	0	
full	MedleyA-PT-10	RF	hscb	16	9	9	0	0	17.11	0	
full	MedleyA-PT-10	RF	lp	16	4	4	0	0	0.02	0	
full	MedleyA-PT-13	RC	hscb	16	8	8	0	0	25.81	0	
full	MedleyA-PT-13	RC	lp	16	4	4	0	0	0.02	0	
full	MedleyA-PT-13	RF	hscb	16	10	10	0	0	22.05	0	
full	MedleyA-PT-13	RF	lp	16	4	4	0	0	0.02	0	
full	MedleyA-PT-15	RC	hscb	16	4	4	0	0	30.19	0	
full	MedleyA-PT-15	RC	lp	16	3	3	0	0	0.04	0	
full	MedleyA-PT-15	RF	hscb	16	5	5	0	0	24.02	0	
full	MedleyA-PT-15	RF	lp	16	3	3	0	0	0.08	0	
full	MedleyA-PT-16	RC	hscb	16	3	3	0	0	30.62	0	
full	MedleyA-PT-16	RC	lp	16	3	3	0	0	0.07	0	
full	MedleyA-PT-16	RF	hscb	16	0	0	0	0	40.72	0	
full	MedleyA-PT-16	RF	lp	16	0	0	0	0	0.02	0	
full	MedleyA-PT-17	RC	hscb	16	0	0	0	0	43.66	0	
full	MedleyA-PT-17	RC	lp	16	0	0	0	0	0.03	0	
full	MedleyA-PT-17	RF	hscb	16	3	3	0	0	29.33	0	
full	MedleyA-PT-17	RF	lp	16	1	1	0	0	0.07	0	
full	MedleyA-PT-18	RC	hscb	16	1	1	0	0	30.93	0	
full	MedleyA-PT-18	RC	lp	16	0	0	0	0	0.04	0	
full	MedleyA-PT-18	RF	hscb	16	4	4	0	0	29.65	0	
full	MedleyA-PT-18	RF	lp	16	0	0	0	0	0.02	0	
full	MedleyB-PT-B01	RC	hscb	16	4	4	0	0	27.6	0	
full	MedleyB-PT-B01	RC	lp	16	3	3	0	0	0.29	0	
full	MedleyB-PT-B01	RF	hscb	16	4	4	0	0	31.22	0	
full	MedleyB-PT-B01	RF	lp	16	2	2	0	0	0.1	0	
full	MultiCrashLeafsetExtension-PT-S16C02	RC	hscb	16	0	0	0	0	60.11	124	
full	MultiCrashLeafsetExtension-PT-S16C02	RC	lp	16	9	9	0	0	3.92	0	
full	MultiCrashLeafsetExtension-PT-S16C02	RF	hscb	16	0	0	0	0	60.1	124	
full	MultiCrashLeafsetExtension-PT-S16C02	RF	lp	16	4	4	0	0	1.99	0	
full	MultiCrashLeafsetExtension-PT-S16C03	RC	hscb	16	0	0	0	0	60.18	124	
full	MultiCrashLeafsetExtension-PT-S16C03	RC	lp	16	7	7	0	0	16.81	0	
full	MultiCrashLeafsetExtension-PT-S16C03	RF	hscb	16	0	0	0	0	60.16	124	
full	MultiCrashLeafsetExtension-PT-S16C03	RF	lp	16	0	0	0	0	1.44	0	
full	MultiCrashLeafsetExtension-PT-S16C04	RC	hscb	16	0	0	0	0	60.12	124	
full	MultiCrashLeafsetExtension-PT-S16C04	RC	lp	16	7	7	0	0	5.99	0	
full	MultiCrashLeafsetExtension-PT-S16C04	RF	hscb	16	0	0	0	0	60.11	124	
full	MultiCrashLeafsetExtension-PT-S16C04	RF	lp	16	2	2	0	0	8.31	0	
full	MultiCrashLeafsetExtension-PT-S16C05	RC	hscb	16	0	0	0	0	60.11	124	
full	MultiCrashLeafsetExtension-PT-S16C05	RC	lp	16	7	7	0	0	6.25	0	
full	MultiCrashLeafsetExtension-PT-S16C05	RF	hscb	16	0	0	0	0	60.1	124	
full	MultiCrashLeafsetExtension-PT-S16C05	RF	lp	16	1	1	0	0	14.2	0	
full	MultiCrashLeafsetExtension-PT-S24C02	RC	hscb	16	0	0	0	0	60.37	124	
full	MultiCrashLeafsetExtension-PT-S24C02	RC	lp	16	7	7	0	0	17.71	0	
full	MultiCrashLeafsetExtension-PT-S24C02	RF	hscb	16	0	0	0	0	60.22	124	
full	MultiCrashLeafsetExtension-PT-S24C02	RF	lp	16	0	0	0	0	7.95	0	
full	MultiCrashLeafsetExtension-PT-S24C03	RC	hscb	16	0	0	0	0	60.19	124	
full	MultiCrashLeafsetExtension-PT-S24C03	RC	lp	16	1	1	0	0	30.11	0	
full	MultiCrashLeafsetExtension-PT-S24C03	RF	hscb	16	0	0	0	0	60.19	124	
full	MultiCrashLeafsetExtension-PT-S24C03	RF	lp	16	1	1	0	0	33.11	0	
full	MultiCrashLeafsetExtension-PT-S32C02	RC	hscb	16	0	0	0	0	60.33	124	
full	MultiCrashLeafsetExtension-PT-S32C02	RC	lp	16	2	2	0	0	46.41	0	
full	MultiCrashLeafsetExtension-PT-S32C02	RF	hscb	16	0	0	0	0	60.35	124	
full	MultiCrashLeafsetExtension-PT-S32C02	RF	lp	16	1	1	0	0	11.23	0	
full	Murphy-PT-D1N010	RC	hscb	16	0	0	0	0	0.06	0	
full	Murphy-PT-D1N010	RC	lp	16	0	0	0	0	0.01	0	
full	Murphy-PT-D1N010	RF	hscb	16	0	0	0	0	0.06	0	
full	Murphy-PT-D1N010	RF	lp	16	1	1	0	0	0.01	0	
full	NeighborGrid-PT-d2n3m1c12	RC	hscb	16	14	14	0	0	0.13	0	
full	NeighborGrid-PT-d2n3m1c12	RC	lp	16	0	0	0	0	0.01	0	
full	NeighborGrid-PT-d2n3m1c12	RF	hscb	16	16	16	0	0	0.1	0	
full	NeighborGrid-PT-d2n3m1c12	RF	lp	16	1	1	0	0	0.01	0	
full	NeighborGrid-PT-d2n3m1t12	RC	hscb	16	14	14	0	0	0.15	0	
full	NeighborGrid-PT-d2n3m1t12	RC	lp	16	2	2	0	0	0.01	0	
full	NeighborGrid-PT-d2n3m1t12	RF	hscb	16	16	16	0	0	0.11	0	
full	NeighborGrid-PT-d2n3m1t12	RF	lp	16	3	3	0	0	0.01	0	
full	NeoElection-PT-2	RC	hscb	16	16	16	0	0	4.52	0	
full	NeoElection-PT-2	RC	lp	16	6	6	0	0	0.02	0	
full	NeoElection-PT-2	RF	hscb	16	16	16	0	0	1.0	0	
full	NeoElection-PT-2	RF	lp	16	5	5	0	0	0.03	0	
full	NeoElection-PT-3	RC	hscb	16	11	11	0	0	39.71	0	
full	NeoElection-PT-3	RC	lp	16	12	12	0	0	0.02	0	
full	NeoElection-PT-3	RF	hscb	16	13	13	0	0	39.73	0	
full	NeoElection-PT-3	RF	lp	16	8	8	0	0	0.04	0	
full	NQueens-PT-05	RC	hscb	16	16	16	0	0	0.12	0	
full	NQueens-PT-05	RC	lp	16	2	2	0	0	0.01	0	
full	NQueens-PT-05	RF	hscb	16	16	16	0	0	0.17	0	
full	NQueens-PT-05	RF	lp	16	0	0	0	0	0.01	0	
full	NQueens-PT-08	RC	hscb	16	9	9	0	0	33.81	0	
full	NQueens-PT-08	RC	lp	16	6	6	0	0	0.01	0	
full	NQueens-PT-08	RF	hscb	16	11	11	0	0	37.71	0	
full	NQueens-PT-08	RF	lp	16	0	0	0	0	0.01	0	
full	NQueens-PT-10	RC	hscb	16	0	0	0	0	60.08	124	
full	NQueens-PT-10	RC	lp	16	8	8	0	0	0.01	0	
full	NQueens-PT-10	RF	hscb	16	0	0	0	0	60.08	124	
full	NQueens-PT-10	RF	lp	16	0	0	0	0	0.01	0	
full	ParamProductionCell-PT-0	RC	hscb	16	4	4	0	0	32.17	0	
full	ParamProductionCell-PT-0	RC	lp	16	3	3	0	0	0.04	0	
full	ParamProductionCell-PT-0	RF	hscb	16	4	4	0	0	24.73	0	
full	ParamProductionCell-PT-0	RF	lp	16	1	1	0	0	0.03	0	
full	ParamProductionCell-PT-1	RC	hscb	16	11	11	0	0	17.71	0	
full	ParamProductionCell-PT-1	RC	lp	16	9	9	0	0	0.06	0	
full	ParamProductionCell-PT-1	RF	hscb	16	10	10	0	0	19.47	0	
full	ParamProductionCell-PT-1	RF	lp	16	1	1	0	0	0.03	0	
full	ParamProductionCell-PT-2	RC	hscb	16	2	2	0	0	36.73	0	
full	ParamProductionCell-PT-2	RC	lp	16	5	5	0	0	0.09	0	
full	ParamProductionCell-PT-2	RF	hscb	16	4	4	0	0	25.97	0	
full	ParamProductionCell-PT-2	RF	lp	16	2	2	0	0	0.05	0	
full	ParamProductionCell-PT-3	RC	hscb	16	6	6	0	0	24.79	0	
full	ParamProductionCell-PT-3	RC	lp	16	6	6	0	0	0.05	0	
full	ParamProductionCell-PT-3	RF	hscb	16	4	4	0	0	25.35	0	
full	ParamProductionCell-PT-3	RF	lp	16	1	1	0	0	0.02	0	
full	ParamProductionCell-PT-4	RC	hscb	16	7	7	0	0	23.12	0	
full	ParamProductionCell-PT-4	RC	lp	16	5	5	0	0	0.05	0	
full	ParamProductionCell-PT-4	RF	hscb	16	4	4	0	0	25.27	0	
full	ParamProductionCell-PT-4	RF	lp	16	2	2	0	0	0.04	0	
full	ParamProductionCell-PT-5	RC	hscb	16	3	3	0	0	33.64	0	
full	ParamProductionCell-PT-5	RC	lp	16	3	3	0	0	0.03	0	
full	ParamProductionCell-PT-5	RF	hscb	16	4	4	0	0	28.79	0	
full	ParamProductionCell-PT-5	RF	lp	16	2	2	0	0	0.04	0	
full	Parking-PT-104	RC	hscb	16	16	16	0	0	0.57	0	
full	Parking-PT-104	RC	lp	16	5	5	0	0	0.01	0	
full	Parking-PT-104	RF	hscb	16	16	16	0	0	0.34	0	
full	Parking-PT-104	RF	lp	16	3	3	0	0	0.01	0	
full	PermAdmissibility-PT-01	RC	hscb	16	0	0	0	0	0.09	0	
full	PermAdmissibility-PT-01	RC	lp	16	9	9	0	0	0.76	0	
full	PermAdmissibility-PT-01	RF	hscb	16	0	0	0	0	0.11	0	
full	PermAdmissibility-PT-01	RF	lp	16	1	1	0	0	0.06	0	
full	Peterson-PT-2	RC	hscb	16	15	15	0	0	3.64	0	
full	Peterson-PT-2	RC	lp	16	6	6	0	0	0.02	0	
full	Peterson-PT-2	RF	hscb	16	11	11	0	0	24.8	0	
full	Peterson-PT-2	RF	lp	16	1	1	0	0	0.02	0	
full	Peterson-PT-3	RC	hscb	16	6	6	0	0	31.86	0	
full	Peterson-PT-3	RC	lp	16	7	7	0	0	0.03	0	
full	Peterson-PT-3	RF	hscb	16	3	3	0	0	46.76	0	
full	Peterson-PT-3	RF	lp	16	0	0	0	0	0.01	0	
full	Peterson-PT-4	RC	hscb	16	4	4	0	0	49.07	0	
full	Peterson-PT-4	RC	lp	16	3	3	0	0	0.14	0	
full	Peterson-PT-4	RF	hscb	16	2	2	0	0	39.87	0	
full	Peterson-PT-4	RF	lp	16	2	2	0	0	0.09	0	
full	PGCD-PT-D02N005	RC	hscb	16	0	0	0	0	0.07	0	
full	PGCD-PT-D02N005	RC	lp	16	0	0	0	0	0.01	0	
full	PGCD-PT-D02N005	RF	hscb	16	2	2	0	0	0.07	0	
full	PGCD-PT-D02N005	RF	lp	16	1	1	0	0	0.01	0	
full	PGCD-PT-D02N006	RC	hscb	16	1	1	0	0	0.08	0	
full	PGCD-PT-D02N006	RC	lp	16	2	2	0	0	0.01	0	
full	PGCD-PT-D02N006	RF	hscb	16	2	2	0	0	0.08	0	
full	PGCD-PT-D02N006	RF	lp	16	1	1	0	0	0.0	0	
full	PhaseVariation-PT-D02CS010	RC	hscb	16	7	7	0	0	0.09	0	
full	PhaseVariation-PT-D02CS010	RC	lp	16	6	6	0	0	0.01	0	
full	PhaseVariation-PT-D02CS010	RF	hscb	16	0	0	0	0	0.07	0	
full	PhaseVariation-PT-D02CS010	RF	lp	16	0	0	0	0	0.01	0	
full	PhilosophersDyn-PT-03	RC	hscb	16	6	6	0	0	0.08	0	
full	PhilosophersDyn-PT-03	RC	lp	16	2	2	0	0	0.01	0	
full	PhilosophersDyn-PT-03	RF	hscb	16	2	2	0	0	0.08	0	
full	PhilosophersDyn-PT-03	RF	lp	16	2	2	0	0	0.01	0	
full	PhilosophersDyn-PT-10	RC	hscb	16	3	3	0	0	11.31	0	
full	PhilosophersDyn-PT-10	RC	lp	16	10	10	0	0	0.23	0	
full	PhilosophersDyn-PT-10	RF	hscb	16	0	0	0	0	6.6	0	
full	PhilosophersDyn-PT-10	RF	lp	16	3	3	0	0	0.27	0	
full	Philosophers-PT-000005	RC	hscb	16	16	16	0	0	0.13	0	
full	Philosophers-PT-000005	RC	lp	16	2	2	0	0	0.01	0	
full	Philosophers-PT-000005	RF	hscb	16	16	16	0	0	0.12	0	
full	Philosophers-PT-000005	RF	lp	16	0	0	0	0	0.01	0	
full	Philosophers-PT-000010	RC	hscb	16	16	16	0	0	1.66	0	
full	Philosophers-PT-000010	RC	lp	16	11	11	0	0	0.02	0	
full	Philosophers-PT-000010	RF	hscb	16	16	16	0	0	1.0	0	
full	Philosophers-PT-000010	RF	lp	16	1	1	0	0	0.01	0	
full	PolyORBLF-PT-S02J04T06	RC	hscb	16	0	0	0	0	4.15	0	
full	PolyORBLF-PT-S02J04T06	RC	lp	16	9	9	0	0	7.6	0	
full	PolyORBLF-PT-S02J04T06	RF	hscb	16	1	1	0	0	2.25	0	
full	PolyORBLF-PT-S02J04T06	RF	lp	16	1	1	0	0	1.22	0	
full	QuasiCertifProtocol-PT-02	RC	hscb	16	1	1	0	0	0.07	0	
full	QuasiCertifProtocol-PT-02	RC	lp	16	4	4	0	0	0.01	0	
full	QuasiCertifProtocol-PT-02	RF	hscb	16	6	6	0	0	0.11	0	
full	QuasiCertifProtocol-PT-02	RF	lp	16	2	2	0	0	0.01	0	
full	QuasiCertifProtocol-PT-06	RC	hscb	16	2	2	0	0	5.9	0	
full	QuasiCertifProtocol-PT-06	RC	lp	16	8	8	0	0	0.01	0	
full	QuasiCertifProtocol-PT-06	RF	hscb	16	1	1	0	0	8.71	0	
full	QuasiCertifProtocol-PT-06	RF	lp	16	0	0	0	0	0.01	0	
full	Raft-PT-02	RC	hscb	16	16	16	0	0	0.09	0	
full	Raft-PT-02	RC	lp	16	8	8	0	0	0.01	0	
full	Raft-PT-02	RF	hscb	16	16	16	0	0	0.17	0	
full	Raft-PT-02	RF	lp	16	2	2	0	0	0.01	0	
full	Raft-PT-03	RC	hscb	16	16	16	0	0	5.94	0	
full	Raft-PT-03	RC	lp	16	6	6	0	0	0.01	0	
full	Raft-PT-03	RF	hscb	16	14	14	0	0	12.9	0	
full	Raft-PT-03	RF	lp	16	2	2	0	0	0.01	0	
full	Railroad-PT-005	RC	hscb	16	16	16	0	0	0.4	0	
full	Railroad-PT-005	RC	lp	16	2	2	0	0	0.01	0	
full	Railroad-PT-005	RF	hscb	16	16	16	0	0	0.75	0	
full	Railroad-PT-005	RF	lp	16	0	0	0	0	0.01	0	
full	Railroad-PT-010	RC	hscb	16	10	10	0	0	27.2	0	
full	Railroad-PT-010	RC	lp	16	13	13	0	0	0.01	0	
full	Railroad-PT-010	RF	hscb	16	4	4	0	0	29.84	0	
full	Railroad-PT-010	RF	lp	16	1	1	0	0	0.01	0	
full	Referendum-PT-0010	RC	hscb	16	15	15	0	0	0.17	0	
full	Referendum-PT-0010	RC	lp	16	8	8	0	0	0.01	0	
full	Referendum-PT-0010	RF	hscb	16	16	16	0	0	0.09	0	
full	Referendum-PT-0010	RF	lp	16	2	2	0	0	0.01	0	
full	Referendum-PT-0015	RC	hscb	16	16	16	0	0	1.08	0	
full	Referendum-PT-0015	RC	lp	16	10	10	0	0	0.01	0	
full	Referendum-PT-0015	RF	hscb	16	16	16	0	0	0.19	0	
full	Referendum-PT-0015	RF	lp	16	6	6	0	0	0.01	0	
full	RefineWMG-PT-002002	RC	hscb	16	16	16	0	0	0.15	0	
full	RefineWMG-PT-002002	RC	lp	16	11	11	0	0	0.01	0	
full	RefineWMG-PT-002002	RF	hscb	16	16	16	0	0	0.18	0	
full	RefineWMG-PT-002002	RF	lp	16	1	1	0	0	0.01	0	
full	RefineWMG-PT-002003	RC	hscb	16	14	14	0	0	0.21	0	
full	RefineWMG-PT-002003	RC	lp	16	10	10	0	0	0.01	0	
full	RefineWMG-PT-002003	RF	hscb	16	15	15	0	0	0.23	0	
full	RefineWMG-PT-002003	RF	lp	16	1	1	0	0	0.01	0	
full	RERS2020-PT-pb101	RC	hscb	16	0	0	0	0	60.73	124	
full	RERS2020-PT-pb101	RC	lp	16	1	1	0	0	52.75	0	
full	RERS2020-PT-pb101	RF	hscb	16	0	0	0	0	60.6	124	
full	RERS2020-PT-pb101	RF	lp	16	0	0	0	0	46.8	0	
full	RERS2020-PT-pb102	RC	hscb	16	0	0	0	0	60.35	124	
full	RERS2020-PT-pb102	RC	lp	16	0	0	0	0	38.67	0	
full	RERS2020-PT-pb102	RF	hscb	16	0	0	0	0	60.35	124	
full	RERS2020-PT-pb102	RF	lp	16	0	0	0	0	48.91	0	
full	RERS2020-PT-pb103	RC	hscb	16	3	3	0	0	44.8	0	
full	RERS2020-PT-pb103	RC	lp	16	1	1	0	0	8.61	0	
full	RERS2020-PT-pb103	RF	hscb	16	5	5	0	0	39.48	0	
full	RERS2020-PT-pb103	RF	lp	16	0	0	0	0	24.64	0	
full	ResAllocation-PT-R002C002	RC	hscb	16	16	16	0	0	0.06	0	
full	ResAllocation-PT-R002C002	RC	lp	16	2	2	0	0	0.01	0	
full	ResAllocation-PT-R002C002	RF	hscb	16	16	16	0	0	0.06	0	
full	ResAllocation-PT-R002C002	RF	lp	16	0	0	0	0	0.0	0	
full	ResAllocation-PT-R003C002	RC	hscb	16	15	15	0	0	0.06	0	
full	ResAllocation-PT-R003C002	RC	lp	16	2	2	0	0	0.01	0	
full	ResAllocation-PT-R003C002	RF	hscb	16	16	16	0	0	0.07	0	
full	ResAllocation-PT-R003C002	RF	lp	16	0	0	0	0	0.01	0	
full	ResAllocation-PT-R003C003	RC	hscb	16	16	16	0	0	0.07	0	
full	ResAllocation-PT-R003C003	RC	lp	16	1	1	0	0	0.01	0	
full	ResAllocation-PT-R003C003	RF	hscb	16	16	16	0	0	0.07	0	
full	ResAllocation-PT-R003C003	RF	lp	16	0	0	0	0	0.01	0	
full	ResAllocation-PT-R003C005	RC	hscb	16	16	16	0	0	0.11	0	
full	ResAllocation-PT-R003C005	RC	lp	16	1	1	0	0	0.01	0	
full	ResAllocation-PT-R003C005	RF	hscb	16	16	16	0	0	0.08	0	
full	ResAllocation-PT-R003C005	RF	lp	16	0	0	0	0	0.01	0	
full	ResAllocation-PT-R003C010	RC	hscb	16	14	14	0	0	0.82	0	
full	ResAllocation-PT-R003C010	RC	lp	16	9	9	0	0	0.01	0	
full	ResAllocation-PT-R003C010	RF	hscb	16	16	16	0	0	0.86	0	
full	ResAllocation-PT-R003C010	RF	lp	16	2	2	0	0	0.01	0	
full	ResAllocation-PT-R003C015	RC	hscb	16	13	13	0	0	10.43	0	
full	ResAllocation-PT-R003C015	RC	lp	16	4	4	0	0	0.01	0	
full	ResAllocation-PT-R003C015	RF	hscb	16	13	13	0	0	8.07	0	
full	ResAllocation-PT-R003C015	RF	lp	16	1	1	0	0	0.01	0	
full	ResAllocation-PT-R005C002	RC	hscb	16	15	15	0	0	0.09	0	
full	ResAllocation-PT-R005C002	RC	lp	16	0	0	0	0	0.01	0	
full	ResAllocation-PT-R005C002	RF	hscb	16	16	16	0	0	0.07	0	
full	ResAllocation-PT-R005C002	RF	lp	16	0	0	0	0	0.01	0	
full	ResAllocation-PT-R010C002	RC	hscb	16	15	15	0	0	0.1	0	
full	ResAllocation-PT-R010C002	RC	lp	16	10	10	0	0	0.01	0	
full	ResAllocation-PT-R010C002	RF	hscb	16	16	16	0	0	0.1	0	
full	ResAllocation-PT-R010C002	RF	lp	16	0	0	0	0	0.01	0	
full	ResAllocation-PT-R015C002	RC	hscb	16	16	16	0	0	0.64	0	
full	ResAllocation-PT-R015C002	RC	lp	16	11	11	0	0	0.01	0	
full	ResAllocation-PT-R015C002	RF	hscb	16	16	16	0	0	2.37	0	
full	ResAllocation-PT-R015C002	RF	lp	16	1	1	0	0	0.01	0	
full	ResAllocation-PT-R020C002	RC	hscb	16	14	14	0	0	6.81	0	
full	ResAllocation-PT-R020C002	RC	lp	16	3	3	0	0	0.01	0	
full	ResAllocation-PT-R020C002	RF	hscb	16	16	16	0	0	4.7	0	
full	ResAllocation-PT-R020C002	RF	lp	16	0	0	0	0	0.01	0	
full	RingSingleMessageInMbox-PT-d0m005	RC	hscb	16	7	7	0	0	0.1	0	
full	RingSingleMessageInMbox-PT-d0m005	RC	lp	16	13	13	0	0	0.01	0	
full	RingSingleMessageInMbox-PT-d0m005	RF	hscb	16	0	0	0	0	0.09	0	
full	RingSingleMessageInMbox-PT-d0m005	RF	lp	16	8	8	0	0	0.02	0	
full	RingSingleMessageInMbox-PT-d0m010	RC	hscb	16	6	6	0	0	0.11	0	
full	RingSingleMessageInMbox-PT-d0m010	RC	lp	16	9	9	0	0	0.01	0	
full	RingSingleMessageInMbox-PT-d0m010	RF	hscb	16	1	1	0	0	0.1	0	
full	RingSingleMessageInMbox-PT-d0m010	RF	lp	16	4	4	0	0	0.01	0	
full	RingSingleMessageInMbox-PT-d0m020	RC	hscb	16	10	10	0	0	0.1	0	
full	RingSingleMessageInMbox-PT-d0m020	RC	lp	16	14	14	0	0	0.01	0	
full	RingSingleMessageInMbox-PT-d0m020	RF	hscb	16	0	0	0	0	0.1	0	
full	RingSingleMessageInMbox-PT-d0m020	RF	lp	16	6	6	0	0	0.01	0	
full	RingSingleMessageInMbox-PT-d0m040	RC	hscb	16	5	5	0	0	0.09	0	
full	RingSingleMessageInMbox-PT-d0m040	RC	lp	16	13	13	0	0	0.0	0	
full	RingSingleMessageInMbox-PT-d0m040	RF	hscb	16	0	0	0	0	0.1	0	
full	RingSingleMessageInMbox-PT-d0m040	RF	lp	16	5	5	0	0	0.02	0	
full	RingSingleMessageInMbox-PT-d0m080	RC	hscb	16	11	11	0	0	0.09	0	
full	RingSingleMessageInMbox-PT-d0m080	RC	lp	16	15	15	0	0	0.0	0	
full	RingSingleMessageInMbox-PT-d0m080	RF	hscb	16	0	0	0	0	0.1	0	
full	RingSingleMessageInMbox-PT-d0m080	RF	lp	16	1	1	0	0	0.01	0	
full	RingSingleMessageInMbox-PT-d1m005	RC	hscb	16	6	6	0	0	25.86	0	
full	RingSingleMessageInMbox-PT-d1m005	RC	lp	16	11	11	0	0	0.39	0	
full	RingSingleMessageInMbox-PT-d1m005	RF	hscb	16	0	0	0	0	23.39	0	
full	RingSingleMessageInMbox-PT-d1m005	RF	lp	16	1	1	0	0	2.82	0	
full	RobotManipulation-PT-00001	RC	hscb	16	4	4	0	0	0.07	0	
full	RobotManipulation-PT-00001	RC	lp	16	1	1	0	0	0.01	0	
full	RobotManipulation-PT-00001	RF	hscb	16	3	3	0	0	0.07	0	
full	RobotManipulation-PT-00001	RF	lp	16	0	0	0	0	0.0	0	
full	RobotManipulation-PT-00002	RC	hscb	16	5	5	0	0	0.07	0	
full	RobotManipulation-PT-00002	RC	lp	16	4	4	0	0	0.01	0	
full	RobotManipulation-PT-00002	RF	hscb	16	5	5	0	0	0.08	0	
full	RobotManipulation-PT-00002	RF	lp	16	0	0	0	0	0.01	0	
full	RobotManipulation-PT-00005	RC	hscb	16	5	3	2	0	1.34	0	RobotManipulation-PT-00005-ReachabilityCardinality-2024-03 RobotManipulation-PT-00005-ReachabilityCardinality-2024-11
full	RobotManipulation-PT-00005	RC	lp	16	4	4	0	0	0.01	0	
full	RobotManipulation-PT-00005	RF	hscb	16	5	5	0	0	0.19	0	
full	RobotManipulation-PT-00005	RF	lp	16	2	2	0	0	0.01	0	
full	RobotManipulation-PT-00010	RC	hscb	16	3	3	0	0	8.43	0	
full	RobotManipulation-PT-00010	RC	lp	16	4	4	0	0	0.01	0	
full	RobotManipulation-PT-00010	RF	hscb	16	3	3	0	0	0.19	0	
full	RobotManipulation-PT-00010	RF	lp	16	4	4	0	0	0.0	0	
full	RwMutex-PT-r0010w0010	RC	hscb	16	16	16	0	0	0.2	0	
full	RwMutex-PT-r0010w0010	RC	lp	16	1	1	0	0	0.01	0	
full	RwMutex-PT-r0010w0010	RF	hscb	16	16	16	0	0	0.18	0	
full	RwMutex-PT-r0010w0010	RF	lp	16	0	0	0	0	0.01	0	
full	RwMutex-PT-r0010w0020	RC	hscb	16	16	16	0	0	0.18	0	
full	RwMutex-PT-r0010w0020	RC	lp	16	2	2	0	0	0.01	0	
full	RwMutex-PT-r0010w0020	RF	hscb	16	16	16	0	0	0.83	0	
full	RwMutex-PT-r0010w0020	RF	lp	16	0	0	0	0	0.01	0	
full	RwMutex-PT-r0010w0050	RC	hscb	16	16	16	0	0	1.87	0	
full	RwMutex-PT-r0010w0050	RC	lp	16	1	1	0	0	0.01	0	
full	RwMutex-PT-r0010w0050	RF	hscb	16	15	15	0	0	15.07	0	
full	RwMutex-PT-r0010w0050	RF	lp	16	0	0	0	0	0.01	0	
full	RwMutex-PT-r0010w0100	RC	hscb	16	16	16	0	0	0.43	0	
full	RwMutex-PT-r0010w0100	RC	lp	16	3	3	0	0	0.03	0	
full	RwMutex-PT-r0010w0100	RF	hscb	16	16	16	0	0	3.89	0	
full	RwMutex-PT-r0010w0100	RF	lp	16	1	1	0	0	0.01	0	
full	RwMutex-PT-r0010w0500	RC	hscb	16	14	14	0	0	11.33	0	
full	RwMutex-PT-r0010w0500	RC	lp	16	3	3	0	0	0.58	0	
full	RwMutex-PT-r0010w0500	RF	hscb	16	7	7	0	0	28.69	0	
full	RwMutex-PT-r0010w0500	RF	lp	16	0	0	0	0	0.02	0	
full	RwMutex-PT-r0010w1000	RC	hscb	16	16	16	0	0	4.66	0	
full	RwMutex-PT-r0010w1000	RC	lp	16	12	12	0	0	2.49	0	
full	RwMutex-PT-r0010w1000	RF	hscb	16	14	14	0	0	12.24	0	
full	RwMutex-PT-r0010w1000	RF	lp	16	3	3	0	0	0.42	0	
full	RwMutex-PT-r0010w2000	RC	hscb	16	14	14	0	0	40.68	0	
full	RwMutex-PT-r0020w0010	RC	hscb	16	15	15	0	0	0.39	0	
full	RwMutex-PT-r0020w0010	RC	lp	16	9	9	0	0	0.01	0	
full	RwMutex-PT-r0020w0010	RF	hscb	16	14	14	0	0	8.81	0	
full	RwMutex-PT-r0020w0010	RF	lp	16	1	1	0	0	0.01	0	
full	SafeBus-PT-03	RC	hscb	16	16	16	0	0	0.19	0	
full	SafeBus-PT-03	RC	lp	16	14	14	0	0	0.01	0	
full	SafeBus-PT-03	RF	hscb	16	16	16	0	0	2.82	0	
full	SafeBus-PT-03	RF	lp	16	4	4	0	0	0.01	0	
full	SafeBus-PT-06	RC	hscb	16	11	11	0	0	15.57	0	
full	SafeBus-PT-06	RC	lp	16	9	9	0	0	0.02	0	
full	SatelliteMemory-PT-X00100Y0003	RC	hscb	16	9	9	0	0	5.27	0	
full	SatelliteMemory-PT-X00100Y0003	RC	lp	16	9	9	0	0	0.01	0	
full	SatelliteMemory-PT-X00100Y0003	RF	hscb	16	8	8	0	0	1.06	0	
full	SatelliteMemory-PT-X00100Y0003	RF	lp	16	3	3	0	0	0.01	0	
