full2	AirplaneLD-PT-0010	RC	hscb	16	15	15	0	0	0.12	0	
full2	AirplaneLD-PT-0010	RC	lp	16	11	11	0	0	0.01	0	
full2	AirplaneLD-PT-0010	RF	hscb	16	16	16	0	0	0.18	0	
full2	AirplaneLD-PT-0010	RF	lp	16	2	2	0	0	0.0	0	
full2	AirplaneLD-PT-0020	RC	hscb	16	16	16	0	0	0.18	0	
full2	AirplaneLD-PT-0020	RC	lp	16	12	12	0	0	0.01	0	
full2	AirplaneLD-PT-0020	RF	hscb	16	16	16	0	0	0.66	0	
full2	AirplaneLD-PT-0020	RF	lp	16	0	0	0	0	0.01	0	
full2	AirplaneLD-PT-0050	RC	hscb	16	16	16	0	0	1.36	0	
full2	AirplaneLD-PT-0050	RC	lp	16	11	11	0	0	0.01	0	
full2	AirplaneLD-PT-0050	RF	hscb	16	16	16	0	0	3.19	0	
full2	AirplaneLD-PT-0050	RF	lp	16	1	1	0	0	0.01	0	
full2	AirplaneLD-PT-0100	RC	hscb	16	14	14	0	0	9.29	0	
full2	AirplaneLD-PT-0100	RC	lp	16	14	14	0	0	0.01	0	
full2	AirplaneLD-PT-0100	RF	hscb	16	14	14	0	0	12.87	0	
full2	AirplaneLD-PT-0100	RF	lp	16	3	3	0	0	0.02	0	
full2	AirplaneLD-PT-0200	RC	hscb	16	12	12	0	0	24.34	0	
full2	AirplaneLD-PT-0200	RC	lp	16	11	11	0	0	0.06	0	
full2	AirplaneLD-PT-0200	RF	hscb	16	3	3	0	0	60.03	124	
full2	AirplaneLD-PT-0200	RF	lp	16	0	0	0	0	0.04	0	
full2	AirplaneLD-PT-2000	RC	hscb	16	0	0	0	0	37.86	1	
full2	AirplaneLD-PT-2000	RC	lp	16	8	8	0	0	0.96	0	
full2	AirplaneLD-PT-2000	RF	hscb	16	0	0	0	0	37.63	1	
full2	AirplaneLD-PT-2000	RF	lp	16	2	2	0	0	5.25	0	
full2	Anderson-PT-04	RC	hscb	16	16	16	0	0	7.56	0	
full2	Anderson-PT-04	RC	lp	16	5	5	0	0	0.03	0	
full2	Anderson-PT-04	RF	hscb	16	16	16	0	0	12.88	0	
full2	Anderson-PT-04	RF	lp	16	2	2	0	0	0.03	0	
full2	Anderson-PT-05	RC	hscb	16	5	5	0	0	24.55	0	
full2	Anderson-PT-05	RC	lp	16	3	3	0	0	0.07	0	
full2	Anderson-PT-05	RF	hscb	16	4	4	0	0	26.79	0	
full2	Anderson-PT-05	RF	lp	16	2	2	0	0	0.04	0	
full2	Anderson-PT-06	RC	hscb	16	3	3	0	0	35.42	0	
full2	Anderson-PT-06	RC	lp	16	4	4	0	0	0.14	0	
full2	Anderson-PT-06	RF	hscb	16	5	5	0	0	33.03	0	
full2	Anderson-PT-06	RF	lp	16	1	1	0	0	0.09	0	
full2	Anderson-PT-07	RC	hscb	16	0	0	0	0	60.03	124	
full2	Anderson-PT-07	RC	lp	16	2	2	0	0	0.07	0	
full2	Anderson-PT-07	RF	hscb	16	0	0	0	0	60.03	124	
full2	Anderson-PT-07	RF	lp	16	2	2	0	0	0.18	0	
full2	Angiogenesis-PT-01	RC	hscb	16	16	16	0	0	0.08	0	
full2	Angiogenesis-PT-01	RC	lp	16	2	2	0	0	0.01	0	
full2	Angiogenesis-PT-01	RF	hscb	16	16	16	0	0	0.08	0	
full2	Angiogenesis-PT-01	RF	lp	16	2	2	0	0	0.01	0	
full2	Angiogenesis-PT-05	RC	hscb	16	6	6	0	0	25.31	0	
full2	Angiogenesis-PT-05	RC	lp	16	5	5	0	0	0.01	0	
full2	Angiogenesis-PT-05	RF	hscb	16	1	1	0	0	31.72	0	
full2	Angiogenesis-PT-05	RF	lp	16	0	0	0	0	0.01	0	
full2	ARMCacheCoherence-PT-none	RC	hscb	16	8	8	0	0	17.43	0	
full2	ARMCacheCoherence-PT-none	RC	lp	16	7	7	0	0	0.25	0	
full2	ARMCacheCoherence-PT-none	RF	hscb	16	9	9	0	0	15.93	0	
full2	ARMCacheCoherence-PT-none	RF	lp	16	2	2	0	0	0.41	0	
full2	ASLink-PT-01a	RC	hscb	16	0	0	0	0	60.05	124	
full2	ASLink-PT-01a	RC	lp	16	2	2	0	0	0.17	0	
full2	ASLink-PT-01a	RF	hscb	16	0	0	0	0	60.05	124	
full2	ASLink-PT-01a	RF	lp	16	2	2	0	0	0.06	0	
full2	AutoFlight-PT-01a	RC	hscb	16	16	16	0	0	0.07	0	
full2	AutoFlight-PT-01a	RC	lp	16	4	4	0	0	0.01	0	
full2	AutoFlight-PT-01a	RF	hscb	16	16	16	0	0	0.08	0	
full2	AutoFlight-PT-01a	RF	lp	16	1	1	0	0	0.01	0	
full2	AutoFlight-PT-01b	RC	hscb	16	10	10	0	0	17.05	0	
full2	AutoFlight-PT-01b	RC	lp	16	6	6	0	0	0.02	0	
full2	AutoFlight-PT-01b	RF	hscb	16	4	4	0	0	31.67	0	
full2	AutoFlight-PT-01b	RF	lp	16	1	1	0	0	0.01	0	
full2	AutoFlight-PT-02a	RC	hscb	16	15	15	0	0	0.09	0	
full2	AutoFlight-PT-02a	RC	lp	16	8	8	0	0	0.01	0	
full2	AutoFlight-PT-02a	RF	hscb	16	16	16	0	0	0.16	0	
full2	AutoFlight-PT-02a	RF	lp	16	2	2	0	0	0.01	0	
full2	AutoFlight-PT-03a	RC	hscb	16	16	16	0	0	0.45	0	
full2	AutoFlight-PT-03a	RC	lp	16	7	7	0	0	0.01	0	
full2	AutoFlight-PT-03a	RF	hscb	16	16	16	0	0	0.71	0	
full2	AutoFlight-PT-03a	RF	lp	16	2	2	0	0	0.01	0	
full2	AutoFlight-PT-04a	RC	hscb	16	16	16	0	0	2.55	0	
full2	AutoFlight-PT-04a	RC	lp	16	9	9	0	0	0.02	0	
full2	AutoFlight-PT-04a	RF	hscb	16	16	16	0	0	7.49	0	
full2	AutoFlight-PT-04a	RF	lp	16	1	1	0	0	0.01	0	
full2	AutoFlight-PT-05a	RC	hscb	16	8	8	0	0	20.51	0	
full2	AutoFlight-PT-05a	RC	lp	16	5	5	0	0	0.01	0	
full2	AutoFlight-PT-05a	RF	hscb	16	8	8	0	0	23.47	0	
full2	AutoFlight-PT-05a	RF	lp	16	2	2	0	0	0.02	0	
full2	AutonomousCar-PT-01a	RC	hscb	16	16	16	0	0	0.07	0	
full2	AutonomousCar-PT-01a	RC	lp	16	2	2	0	0	0.01	0	
full2	AutonomousCar-PT-01a	RF	hscb	16	16	16	0	0	0.08	0	
full2	AutonomousCar-PT-01a	RF	lp	16	0	0	0	0	0.01	0	
full2	AutonomousCar-PT-01b	RC	hscb	16	10	10	0	0	16.62	0	
full2	AutonomousCar-PT-01b	RC	lp	16	3	3	0	0	0.02	0	
full2	AutonomousCar-PT-01b	RF	hscb	16	7	7	0	0	24.21	0	
full2	AutonomousCar-PT-01b	RF	lp	16	3	3	0	0	0.01	0	
full2	AutonomousCar-PT-02a	RC	hscb	16	16	16	0	0	0.09	0	
full2	AutonomousCar-PT-02a	RC	lp	16	13	13	0	0	0.01	0	
full2	AutonomousCar-PT-02a	RF	hscb	16	16	16	0	0	0.11	0	
full2	AutonomousCar-PT-02a	RF	lp	16	6	6	0	0	0.02	0	
full2	AutonomousCar-PT-02b	RC	hscb	16	4	4	0	0	26.92	0	
full2	AutonomousCar-PT-02b	RC	lp	16	0	0	0	0	0.02	0	
full2	AutonomousCar-PT-02b	RF	hscb	16	7	7	0	0	19.39	0	
full2	AutonomousCar-PT-02b	RF	lp	16	4	4	0	0	0.03	0	
full2	AutonomousCar-PT-03a	RC	hscb	16	15	15	0	0	0.48	0	
full2	AutonomousCar-PT-03a	RC	lp	16	6	6	0	0	0.01	0	
full2	AutonomousCar-PT-03a	RF	hscb	16	16	16	0	0	0.47	0	
full2	AutonomousCar-PT-03a	RF	lp	16	4	4	0	0	0.01	0	
full2	AutonomousCar-PT-03b	RC	hscb	16	7	7	0	0	24.44	0	
full2	AutonomousCar-PT-03b	RC	lp	16	6	6	0	0	0.02	0	
full2	AutonomousCar-PT-03b	RF	hscb	16	3	3	0	0	26.57	0	
full2	AutonomousCar-PT-03b	RF	lp	16	1	1	0	0	0.01	0	
full2	AutonomousCar-PT-04a	RC	hscb	16	16	16	0	0	2.0	0	
full2	AutonomousCar-PT-04a	RC	lp	16	7	7	0	0	0.01	0	
full2	AutonomousCar-PT-04a	RF	hscb	16	16	16	0	0	1.77	0	
full2	AutonomousCar-PT-04a	RF	lp	16	2	2	0	0	0.01	0	
full2	AutonomousCar-PT-05a	RC	hscb	16	15	15	0	0	12.99	0	
full2	AutonomousCar-PT-05a	RC	lp	16	6	6	0	0	0.01	0	
full2	AutonomousCar-PT-05a	RF	hscb	16	16	16	0	0	10.07	0	
full2	AutonomousCar-PT-05a	RF	lp	16	2	2	0	0	0.02	0	
full2	AutonomousCar-PT-06a	RC	hscb	16	10	10	0	0	15.18	0	
full2	AutonomousCar-PT-06a	RC	lp	16	7	7	0	0	0.02	0	
full2	AutonomousCar-PT-06a	RF	hscb	16	6	6	0	0	25.37	0	
full2	AutonomousCar-PT-06a	RF	lp	16	1	1	0	0	0.02	0	
full2	AutonomousCar-PT-07a	RC	hscb	16	10	10	0	0	17.61	0	
full2	AutonomousCar-PT-07a	RC	lp	16	8	8	0	0	0.09	0	
full2	AutonomousCar-PT-07a	RF	hscb	16	8	8	0	0	17.67	0	
full2	AutonomousCar-PT-07a	RF	lp	16	2	2	0	0	0.02	0	
full2	AutonomousCar-PT-08a	RC	hscb	16	6	6	0	0	24.08	0	
full2	AutonomousCar-PT-08a	RC	lp	16	5	5	0	0	0.05	0	
full2	AutonomousCar-PT-08a	RF	hscb	16	6	6	0	0	21.53	0	
full2	AutonomousCar-PT-08a	RF	lp	16	1	1	0	0	0.02	0	
full2	BART-PT-002	RC	hscb	16	15	15	0	0	2.38	0	
full2	BART-PT-002	RC	lp	16	9	9	0	0	0.02	0	
full2	BART-PT-002	RF	hscb	16	1	1	0	0	60.02	124	
full2	BART-PT-002	RF	lp	16	0	0	0	0	0.04	0	
full2	BlocksWorld-PT-01	RC	hscb	16	4	4	0	0	33.54	0	
full2	BlocksWorld-PT-01	RC	lp	16	4	4	0	0	0.02	0	
full2	BlocksWorld-PT-01	RF	hscb	16	9	9	0	0	23.11	0	
full2	BlocksWorld-PT-01	RF	lp	16	5	5	0	0	0.01	0	
full2	BridgeAndVehicles-PT-V04P05N02	RC	hscb	16	16	16	0	0	0.09	0	
full2	BridgeAndVehicles-PT-V04P05N02	RC	lp	16	11	11	0	0	0.01	0	
full2	BridgeAndVehicles-PT-V04P05N02	RF	hscb	16	16	16	0	0	0.27	0	
full2	BridgeAndVehicles-PT-V04P05N02	RF	lp	16	3	3	0	0	0.01	0	
full2	BridgeAndVehicles-PT-V10P10N10	RC	hscb	16	12	12	0	0	11.44	0	
full2	BridgeAndVehicles-PT-V10P10N10	RC	lp	16	6	6	0	0	0.01	0	
full2	BridgeAndVehicles-PT-V10P10N10	RF	hscb	16	12	12	0	0	12.05	0	
full2	BridgeAndVehicles-PT-V10P10N10	RF	lp	16	2	2	0	0	0.02	0	
full2	BridgeAndVehicles-PT-V20P10N10	RC	hscb	16	14	14	0	0	10.11	0	
full2	BridgeAndVehicles-PT-V20P10N10	RC	lp	16	13	13	0	0	0.03	0	
full2	BridgeAndVehicles-PT-V20P10N10	RF	hscb	16	9	9	0	0	23.72	0	
full2	BridgeAndVehicles-PT-V20P10N10	RF	lp	16	0	0	0	0	0.03	0	
full2	BridgeAndVehicles-PT-V20P10N20	RC	hscb	16	11	11	0	0	13.97	0	
full2	BridgeAndVehicles-PT-V20P10N20	RC	lp	16	8	8	0	0	0.04	0	
full2	BridgeAndVehicles-PT-V20P10N20	RF	hscb	16	7	7	0	0	31.06	0	
full2	BridgeAndVehicles-PT-V20P10N20	RF	lp	16	2	2	0	0	0.06	0	
full2	BridgeAndVehicles-PT-V20P10N50	RC	hscb	16	12	12	0	0	18.46	0	
full2	BridgeAndVehicles-PT-V20P10N50	RC	lp	16	9	9	0	0	0.05	0	
full2	BridgeAndVehicles-PT-V20P10N50	RF	hscb	16	6	6	0	0	58.2	0	
full2	BridgeAndVehicles-PT-V20P10N50	RF	lp	16	0	0	0	0	0.2	0	
full2	BridgeAndVehicles-PT-V20P20N10	RC	hscb	16	10	10	0	0	21.11	0	
full2	BridgeAndVehicles-PT-V20P20N10	RC	lp	16	10	10	0	0	0.02	0	
full2	BridgeAndVehicles-PT-V20P20N10	RF	hscb	16	4	4	0	0	31.17	0	
full2	BridgeAndVehicles-PT-V20P20N10	RF	lp	16	0	0	0	0	0.02	0	
full2	BridgeAndVehicles-PT-V20P20N20	RC	hscb	16	8	8	0	0	23.0	0	
full2	BridgeAndVehicles-PT-V20P20N20	RC	lp	16	9	9	0	0	0.03	0	
full2	BridgeAndVehicles-PT-V20P20N20	RF	hscb	16	5	5	0	0	30.18	0	
full2	BridgeAndVehicles-PT-V20P20N20	RF	lp	16	1	1	0	0	0.03	0	
full2	BridgeAndVehicles-PT-V20P20N50	RC	hscb	16	11	11	0	0	15.44	0	
full2	BridgeAndVehicles-PT-V20P20N50	RC	lp	16	5	5	0	0	0.04	0	
full2	BridgeAndVehicles-PT-V20P20N50	RF	hscb	16	5	5	0	0	36.39	0	
full2	BridgeAndVehicles-PT-V20P20N50	RF	lp	16	0	0	0	0	0.14	0	
full2	BridgeAndVehicles-PT-V50P20N10	RC	hscb	16	6	6	0	0	37.31	0	
full2	BridgeAndVehicles-PT-V50P20N10	RC	lp	16	8	8	0	0	0.02	0	
full2	BridgeAndVehicles-PT-V50P20N10	RF	hscb	16	5	5	0	0	60.02	124	
full2	BridgeAndVehicles-PT-V50P20N10	RF	lp	16	2	2	0	0	0.07	0	
full2	BridgeAndVehicles-PT-V50P20N20	RC	hscb	16	9	9	0	0	28.19	0	
full2	BridgeAndVehicles-PT-V50P20N20	RC	lp	16	11	11	0	0	0.08	0	
full2	BridgeAndVehicles-PT-V50P20N20	RF	hscb	16	4	4	0	0	48.55	0	
full2	BridgeAndVehicles-PT-V50P20N20	RF	lp	16	0	0	0	0	0.15	0	
full2	BridgeAndVehicles-PT-V50P50N10	RC	hscb	16	8	8	0	0	31.56	0	
full2	BridgeAndVehicles-PT-V50P50N10	RC	lp	16	5	5	0	0	0.06	0	
full2	BridgeAndVehicles-PT-V50P50N10	RF	hscb	16	5	5	0	0	39.74	0	
full2	BridgeAndVehicles-PT-V50P50N10	RF	lp	16	0	0	0	0	0.06	0	
full2	BridgeAndVehicles-PT-V50P50N20	RC	hscb	16	12	12	0	0	17.86	0	
full2	BridgeAndVehicles-PT-V50P50N20	RC	lp	16	9	9	0	0	0.05	0	
full2	BridgeAndVehicles-PT-V50P50N20	RF	hscb	16	1	1	0	0	60.02	124	
full2	BridgeAndVehicles-PT-V50P50N20	RF	lp	16	0	0	0	0	0.17	0	
full2	BugTracking-PT-q3m004	RC	hscb	16	4	4	0	0	26.62	0	
full2	BugTracking-PT-q3m004	RC	lp	16	7	7	0	0	0.65	0	
full2	BugTracking-PT-q3m004	RF	hscb	16	4	4	0	0	7.34	0	
full2	BugTracking-PT-q3m004	RF	lp	16	6	6	0	0	0.41	0	
full2	BugTracking-PT-q3m016	RC	hscb	16	3	3	0	0	19.51	0	
full2	BugTracking-PT-q3m016	RC	lp	16	11	11	0	0	2.91	0	
full2	BugTracking-PT-q3m016	RF	hscb	16	3	3	0	0	7.21	0	
full2	BugTracking-PT-q3m016	RF	lp	16	8	8	0	0	1.15	0	
full2	CANConstruction-PT-005	RC	hscb	16	1	1	0	0	0.53	0	
full2	CANConstruction-PT-005	RC	lp	16	6	6	0	0	0.01	0	
full2	CANConstruction-PT-005	RF	hscb	16	0	0	0	0	0.23	0	
full2	CANConstruction-PT-005	RF	lp	16	3	3	0	0	0.01	0	
full2	CANInsertWithFailure-PT-005	RC	hscb	16	6	6	0	0	15.95	0	
full2	CANInsertWithFailure-PT-005	RC	lp	16	7	7	0	0	0.02	0	
full2	CANInsertWithFailure-PT-005	RF	hscb	16	0	0	0	0	10.34	0	
full2	CANInsertWithFailure-PT-005	RF	lp	16	0	0	0	0	0.01	0	
full2	CANInsertWithFailure-PT-100	RC	hscb	16	0	0	0	0	45.78	1	
full2	CANInsertWithFailure-PT-100	RC	lp	16	0	0	0	0	2.37	0	
full2	CANInsertWithFailure-PT-100	RF	hscb	16	0	0	0	0	47.06	1	
full2	CANInsertWithFailure-PT-100	RF	lp	16	0	0	0	0	1.41	0	
full2	CircadianClock-PT-000001	RC	hscb	16	16	16	0	0	0.07	0	
full2	CircadianClock-PT-000001	RC	lp	16	2	2	0	0	0.01	0	
full2	CircadianClock-PT-000001	RF	hscb	16	16	16	0	0	0.07	0	
full2	CircadianClock-PT-000001	RF	lp	16	0	0	0	0	0.01	0	
full2	CircadianClock-PT-000010	RC	hscb	16	15	15	0	0	0.63	0	
full2	CircadianClock-PT-000010	RC	lp	16	6	6	0	0	0.01	0	
full2	CircadianClock-PT-000010	RF	hscb	16	16	16	0	0	0.2	0	
full2	CircadianClock-PT-000010	RF	lp	16	0	0	0	0	0.01	0	
full2	CircularTrains-PT-012	RC	hscb	16	0	0	0	0	0.06	0	
full2	CircularTrains-PT-012	RC	lp	16	0	0	0	0	0.0	0	
full2	CircularTrains-PT-012	RF	hscb	16	0	0	0	0	0.07	0	
full2	CircularTrains-PT-012	RF	lp	16	0	0	0	0	0.01	0	
full2	CircularTrains-PT-024	RC	hscb	16	0	0	0	0	0.06	0	
full2	CircularTrains-PT-024	RC	lp	16	4	4	0	0	0.01	0	
full2	CircularTrains-PT-024	RF	hscb	16	0	0	0	0	0.06	0	
full2	CircularTrains-PT-024	RF	lp	16	2	2	0	0	0.01	0	
full2	ClientsAndServers-PT-N0001P0	RC	hscb	16	8	8	0	0	0.12	0	
full2	ClientsAndServers-PT-N0001P0	RC	lp	16	12	12	0	0	0.01	0	
full2	ClientsAndServers-PT-N0001P0	RF	hscb	16	1	1	0	0	0.08	0	
full2	ClientsAndServers-PT-N0001P0	RF	lp	16	2	2	0	0	0.01	0	
full2	ClientsAndServers-PT-N0002P0	RC	hscb	16	4	4	0	0	2.64	0	
full2	ClientsAndServers-PT-N0002P0	RC	lp	16	8	8	0	0	0.01	0	
full2	ClientsAndServers-PT-N0002P0	RF	hscb	16	0	0	0	0	5.54	0	
full2	ClientsAndServers-PT-N0002P0	RF	lp	16	1	1	0	0	0.01	0	
full2	ClientsAndServers-PT-N0002P1	RC	hscb	16	3	3	0	0	2.82	0	
full2	ClientsAndServers-PT-N0002P1	RC	lp	16	9	9	0	0	0.01	0	
full2	ClientsAndServers-PT-N0002P1	RF	hscb	16	1	1	0	0	0.2	0	
full2	ClientsAndServers-PT-N0002P1	RF	lp	16	1	1	0	0	0.01	0	
full2	CloudDeployment-PT-2a	RC	hscb	16	15	15	0	0	0.48	0	
full2	CloudDeployment-PT-2a	RC	lp	16	8	8	0	0	0.01	0	
full2	CloudDeployment-PT-2a	RF	hscb	16	16	16	0	0	0.33	0	
full2	CloudDeployment-PT-2a	RF	lp	16	4	4	0	0	0.02	0	
full2	CloudDeployment-PT-3a	RC	hscb	16	15	15	0	0	7.06	0	
full2	CloudDeployment-PT-3a	RC	lp	16	5	5	0	0	0.01	0	
full2	CloudDeployment-PT-3a	RF	hscb	16	16	16	0	0	8.42	0	
full2	CloudDeployment-PT-3a	RF	lp	16	1	1	0	0	0.01	0	
full2	CloudDeployment-PT-4a	RC	hscb	16	8	8	0	0	23.96	0	
full2	CloudDeployment-PT-4a	RC	lp	16	4	4	0	0	0.02	0	
full2	CloudDeployment-PT-4a	RF	hscb	16	9	9	0	0	21.48	0	
full2	CloudDeployment-PT-4a	RF	lp	16	1	1	0	0	0.01	0	
full2	CloudDeployment-PT-5a	RC	hscb	16	3	3	0	0	31.76	0	
full2	CloudDeployment-PT-5a	RC	lp	16	1	1	0	0	0.01	0	
full2	CloudDeployment-PT-5a	RF	hscb	16	2	2	0	0	32.86	0	
full2	CloudDeployment-PT-5a	RF	lp	16	0	0	0	0	0.02	0	
full2	CloudOpsManagement-PT-00002by00001	RC	hscb	16	16	16	0	0	0.07	0	
full2	CloudOpsManagement-PT-00002by00001	RC	lp	16	13	13	0	0	0.01	0	
full2	CloudOpsManagement-PT-00002by00001	RF	hscb	16	16	16	0	0	0.08	0	
full2	CloudOpsManagement-PT-00002by00001	RF	lp	16	2	2	0	0	0.01	0	
full2	CloudOpsManagement-PT-00005by00002	RC	hscb	16	15	15	0	0	0.1	0	
full2	CloudOpsManagement-PT-00005by00002	RC	lp	16	11	11	0	0	0.01	0	
full2	CloudOpsManagement-PT-00005by00002	RF	hscb	16	16	16	0	0	0.16	0	
full2	CloudOpsManagement-PT-00005by00002	RF	lp	16	3	3	0	0	0.01	0	
full2	CO4-PT-01	RC	hscb	16	16	16	0	0	0.22	0	
full2	CO4-PT-01	RC	lp	16	9	9	0	0	0.02	0	
full2	CO4-PT-01	RF	hscb	16	16	16	0	0	1.98	0	
full2	CO4-PT-01	RF	lp	16	1	1	0	0	0.01	0	
full2	CO4-PT-02	RC	hscb	16	16	16	0	0	1.97	0	
full2	CO4-PT-02	RC	lp	16	7	7	0	0	0.02	0	
full2	CO4-PT-02	RF	hscb	16	16	16	0	0	2.35	0	
full2	CO4-PT-02	RF	lp	16	4	4	0	0	0.02	0	
full2	CO4-PT-03	RC	hscb	16	16	16	0	0	2.83	0	
full2	CO4-PT-03	RC	lp	16	10	10	0	0	0.01	0	
full2	CO4-PT-03	RF	hscb	16	16	16	0	0	1.89	0	
full2	CO4-PT-03	RF	lp	16	2	2	0	0	0.01	0	
full2	CO4-PT-04	RC	hscb	16	16	16	0	0	1.16	0	
full2	CO4-PT-04	RC	lp	16	8	8	0	0	0.01	0	
full2	CO4-PT-04	RF	hscb	16	16	16	0	0	0.34	0	
full2	CO4-PT-04	RF	lp	16	5	5	0	0	0.02	0	
full2	CO4-PT-05	RC	hscb	16	15	15	0	0	0.95	0	
full2	CO4-PT-05	RC	lp	16	6	6	0	0	0.02	0	
full2	CO4-PT-05	RF	hscb	16	16	16	0	0	2.48	0	
full2	CO4-PT-05	RF	lp	16	4	4	0	0	0.01	0	
full2	CO4-PT-06	RC	hscb	16	8	8	0	0	16.31	0	
full2	CO4-PT-06	RC	lp	16	7	7	0	0	0.07	0	
full2	CO4-PT-06	RF	hscb	16	8	8	0	0	16.83	0	
full2	CO4-PT-06	RF	lp	16	4	4	0	0	0.05	0	
full2	CO4-PT-07	RC	hscb	16	9	9	0	0	14.46	0	
full2	CO4-PT-07	RC	lp	16	7	7	0	0	0.08	0	
full2	CO4-PT-07	RF	hscb	16	6	6	0	0	20.78	0	
full2	CO4-PT-07	RF	lp	16	5	5	0	0	0.04	0	
full2	CO4-PT-08	RC	hscb	16	5	5	0	0	29.09	0	
full2	CO4-PT-08	RC	lp	16	5	5	0	0	0.06	0	
full2	CO4-PT-08	RF	hscb	16	4	4	0	0	28.5	0	
full2	CO4-PT-08	RF	lp	16	2	2	0	0	0.03	0	
full2	CO4-PT-09	RC	hscb	16	7	7	0	0	20.04	0	
full2	CO4-PT-09	RC	lp	16	2	2	0	0	0.06	0	
full2	CO4-PT-09	RF	hscb	16	5	5	0	0	24.13	0	
full2	CO4-PT-09	RF	lp	16	1	1	0	0	0.03	0	
full2	CO4-PT-10	RC	hscb	16	5	5	0	0	29.44	0	
full2	CO4-PT-10	RC	lp	16	6	6	0	0	0.09	0	
full2	CO4-PT-10	RF	hscb	16	5	5	0	0	33.56	0	
full2	CO4-PT-10	RF	lp	16	4	4	0	0	0.16	0	
full2	CO4-PT-11	RC	hscb	16	8	8	0	0	16.5	0	
full2	CO4-PT-11	RC	lp	16	6	6	0	0	0.13	0	
full2	CO4-PT-11	RF	hscb	16	7	7	0	0	23.23	0	
full2	CO4-PT-11	RF	lp	16	6	6	0	0	0.29	0	
full2	CO4-PT-12	RC	hscb	16	6	6	0	0	24.98	0	
full2	CO4-PT-12	RC	lp	16	3	3	0	0	0.24	0	
full2	CO4-PT-12	RF	hscb	16	6	6	0	0	22.49	0	
full2	CO4-PT-12	RF	lp	16	5	5	0	0	0.12	0	
full2	CO4-PT-13	RC	hscb	16	6	6	0	0	31.21	0	
full2	CO4-PT-13	RC	lp	16	7	7	0	0	0.1	0	
full2	CO4-PT-13	RF	hscb	16	5	5	0	0	30.54	0	
full2	CO4-PT-13	RF	lp	16	4	4	0	0	0.14	0	
full2	CopsAndRobbers-PT-CRL005X001	RC	hscb	16	16	16	0	0	0.08	0	
full2	CopsAndRobbers-PT-CRL005X001	RC	lp	16	0	0	0	0	0.01	0	
full2	CopsAndRobbers-PT-CRL005X001	RF	hscb	16	16	16	0	0	0.08	0	
full2	CopsAndRobbers-PT-CRL005X001	RF	lp	16	1	1	0	0	0.01	0	
full2	CopsAndRobbers-PT-CRL015X005	RC	hscb	16	8	8	0	0	24.11	0	
full2	CopsAndRobbers-PT-CRL015X005	RC	lp	16	5	5	0	0	0.01	0	
full2	CopsAndRobbers-PT-CRL015X005	RF	hscb	16	11	11	0	0	14.59	0	
full2	CopsAndRobbers-PT-CRL015X005	RF	lp	16	2	2	0	0	0.01	0	
full2	CopsAndRobbers-PT-CRL023X004	RC	hscb	16	0	0	0	0	60.07	124	
full2	CopsAndRobbers-PT-CRL023X004	RC	lp	16	8	8	0	0	0.03	0	
full2	CopsAndRobbers-PT-CRL023X004	RF	hscb	16	0	0	0	0	60.07	124	
full2	CopsAndRobbers-PT-CRL023X004	RF	lp	16	2	2	0	0	0.02	0	
full2	CopsAndRobbers-PT-CRL025X003	RC	hscb	16	0	0	0	0	60.11	124	
full2	CopsAndRobbers-PT-CRL025X003	RC	lp	16	3	3	0	0	0.02	0	
full2	CopsAndRobbers-PT-CRL025X003	RF	hscb	16	0	0	0	0	60.11	124	
full2	CopsAndRobbers-PT-CRL025X003	RF	lp	16	1	1	0	0	0.02	0	
full2	CopsAndRobbers-PT-HRL014X002	RC	hscb	16	16	16	0	0	0.67	0	
full2	CopsAndRobbers-PT-HRL014X002	RC	lp	16	6	6	0	0	0.02	0	
full2	CopsAndRobbers-PT-HRL014X002	RF	hscb	16	16	16	0	0	0.35	0	
full2	CopsAndRobbers-PT-HRL014X002	RF	lp	16	5	5	0	0	0.01	0	
full2	CopsAndRobbers-PT-HRL017X005	RC	hscb	16	11	11	0	0	19.05	0	
full2	CopsAndRobbers-PT-HRL017X005	RC	lp	16	5	5	0	0	0.02	0	
full2	CopsAndRobbers-PT-HRL017X005	RF	hscb	16	13	13	0	0	12.87	0	
full2	CopsAndRobbers-PT-HRL017X005	RF	lp	16	2	2	0	0	0.01	0	
full2	CopsAndRobbers-PT-HRL023X006	RC	hscb	16	5	5	0	0	36.7	0	
full2	CopsAndRobbers-PT-HRL023X006	RC	lp	16	5	5	0	0	0.02	0	
full2	CopsAndRobbers-PT-HRL023X006	RF	hscb	16	7	7	0	0	23.69	0	
full2	CopsAndRobbers-PT-HRL023X006	RF	lp	16	2	2	0	0	0.02	0	
full2	CopsAndRobbers-PT-KFL010N005K002X001	RC	hscb	16	15	15	0	0	0.1	0	
full2	CopsAndRobbers-PT-KFL010N005K002X001	RC	lp	16	5	5	0	0	0.02	0	
full2	CopsAndRobbers-PT-KFL010N005K002X001	RF	hscb	16	16	16	0	0	0.15	0	
full2	CopsAndRobbers-PT-KFL010N005K002X001	RF	lp	16	0	0	0	0	0.01	0	
full2	CopsAndRobbers-PT-KFL028N008K002X005	RC	hscb	16	0	0	0	0	60.13	124	
full2	CopsAndRobbers-PT-KFL028N008K002X005	RC	lp	16	5	5	0	0	0.03	0	
full2	CopsAndRobbers-PT-KFL028N008K002X005	RF	hscb	16	0	0	0	0	60.15	124	
full2	CopsAndRobbers-PT-KFL028N008K002X005	RF	lp	16	2	2	0	0	0.03	0	
full2	CopsAndRobbers-PT-KFL036N009K002X003	RC	hscb	16	0	0	0	0	60.11	124	
full2	CopsAndRobbers-PT-KFL036N009K002X003	RC	lp	16	4	4	0	0	0.05	0	
full2	CopsAndRobbers-PT-KFL036N009K002X003	RF	hscb	16	0	0	0	0	60.11	124	
full2	CopsAndRobbers-PT-KFL036N009K002X003	RF	lp	16	0	0	0	0	0.02	0	
full2	CopsAndRobbers-PT-KFL084N009K003X002	RC	hscb	16	0	0	0	0	60.14	124	
full2	CopsAndRobbers-PT-KFL084N009K003X002	RC	lp	16	4	4	0	0	0.12	0	
full2	CopsAndRobbers-PT-KFL084N009K003X002	RF	hscb	16	0	0	0	0	60.15	124	
full2	CopsAndRobbers-PT-KFL084N009K003X002	RF	lp	16	2	2	0	0	0.1	0	
full2	CryptoMiner-PT-D03N010	RC	hscb	16	1	1	0	0	0.08	0	
full2	CryptoMiner-PT-D03N010	RC	lp	16	8	8	0	0	0.01	0	
full2	CryptoMiner-PT-D03N010	RF	hscb	16	0	0	0	0	0.07	0	
full2	CryptoMiner-PT-D03N010	RF	lp	16	4	4	0	0	0.01	0	
full2	CryptoMiner-PT-D05N000	RC	hscb	16	0	0	0	0	0.07	1	
full2	CryptoMiner-PT-D05N000	RC	lp	16	7	7	0	0	0.01	0	
full2	CryptoMiner-PT-D05N000	RF	hscb	16	0	0	0	0	0.06	1	
full2	CryptoMiner-PT-D05N000	RF	lp	16	3	3	0	0	0.01	0	
full2	CSRepetitions-PT-02	RC	hscb	16	8	8	0	0	0.07	0	
full2	CSRepetitions-PT-02	RC	lp	16	14	14	0	0	0.01	0	
full2	CSRepetitions-PT-02	RF	hscb	16	0	0	0	0	0.07	0	
full2	CSRepetitions-PT-02	RF	lp	16	2	2	0	0	0.01	0	
full2	CSRepetitions-PT-03	RC	hscb	16	6	6	0	0	0.07	0	
full2	CSRepetitions-PT-03	RC	lp	16	13	13	0	0	0.01	0	
full2	CSRepetitions-PT-03	RF	hscb	16	0	0	0	0	0.07	0	
full2	CSRepetitions-PT-03	RF	lp	16	1	1	0	0	0.01	0	
full2	DatabaseWithMutex-PT-02	RC	hscb	16	16	16	0	0	0.11	0	
full2	DatabaseWithMutex-PT-02	RC	lp	16	3	3	0	0	0.01	0	
full2	DatabaseWithMutex-PT-02	RF	hscb	16	16	16	0	0	0.12	0	
full2	DatabaseWithMutex-PT-02	RF	lp	16	0	0	0	0	0.01	0	
full2	DBSingleClientW-PT-d0m04	RC	hscb	16	9	9	0	0	0.14	0	
full2	DBSingleClientW-PT-d0m04	RC	lp	16	15	15	0	0	0.01	0	
full2	DBSingleClientW-PT-d0m04	RF	hscb	16	0	0	0	0	0.13	0	
full2	DBSingleClientW-PT-d0m04	RF	lp	16	0	0	0	0	0.01	0	
full2	DBSingleClientW-PT-d0m05	RC	hscb	16	8	8	0	0	0.14	0	
full2	DBSingleClientW-PT-d0m05	RC	lp	16	11	11	0	0	0.01	0	
full2	DBSingleClientW-PT-d0m05	RF	hscb	16	0	0	0	0	0.12	0	
full2	DBSingleClientW-PT-d0m05	RF	lp	16	0	0	0	0	0.01	0	
full2	DBSingleClientW-PT-d0m06	RC	hscb	16	7	7	0	0	0.13	0	
full2	DBSingleClientW-PT-d0m06	RC	lp	16	14	14	0	0	0.01	0	
full2	DBSingleClientW-PT-d0m06	RF	hscb	16	0	0	0	0	0.12	0	
full2	DBSingleClientW-PT-d0m06	RF	lp	16	2	2	0	0	0.01	0	
full2	DBSingleClientW-PT-d0m07	RC	hscb	16	9	9	0	0	0.13	0	
full2	DBSingleClientW-PT-d0m07	RC	lp	16	14	14	0	0	0.01	0	
full2	DBSingleClientW-PT-d0m07	RF	hscb	16	0	0	0	0	0.14	0	
full2	DBSingleClientW-PT-d0m07	RF	lp	16	3	3	0	0	0.02	0	
full2	DBSingleClientW-PT-d0m08	RC	hscb	16	6	6	0	0	0.13	0	
full2	DBSingleClientW-PT-d0m08	RC	lp	16	9	9	0	0	0.01	0	
full2	DBSingleClientW-PT-d0m08	RF	hscb	16	0	0	0	0	0.14	0	
full2	DBSingleClientW-PT-d0m08	RF	lp	16	0	0	0	0	0.01	0	
full2	DBSingleClientW-PT-d1m04	RC	hscb	16	2	2	0	0	0.45	0	
full2	DBSingleClientW-PT-d1m04	RC	lp	16	10	10	0	0	0.02	0	
full2	DBSingleClientW-PT-d1m04	RF	hscb	16	0	0	0	0	0.42	0	
full2	DBSingleClientW-PT-d1m04	RF	lp	16	0	0	0	0	0.02	0	
full2	DBSingleClientW-PT-d1m05	RC	hscb	16	6	6	0	0	0.43	0	
full2	DBSingleClientW-PT-d1m05	RC	lp	16	14	14	0	0	0.01	0	
full2	DBSingleClientW-PT-d1m05	RF	hscb	16	0	0	0	0	0.41	0	
full2	DBSingleClientW-PT-d1m05	RF	lp	16	1	1	0	0	0.05	0	
full2	DBSingleClientW-PT-d1m06	RC	hscb	16	7	7	0	0	0.43	0	
full2	DBSingleClientW-PT-d1m06	RC	lp	16	12	12	0	0	0.02	0	
full2	DBSingleClientW-PT-d1m06	RF	hscb	16	0	0	0	0	0.42	0	
full2	DBSingleClientW-PT-d1m06	RF	lp	16	0	0	0	0	0.03	0	
full2	DBSingleClientW-PT-d2m04	RC	hscb	16	5	5	0	0	4.37	0	
full2	DBSingleClientW-PT-d2m04	RC	lp	16	15	15	0	0	0.03	0	
full2	DBSingleClientW-PT-d2m04	RF	hscb	16	0	0	0	0	4.15	0	
full2	DBSingleClientW-PT-d2m04	RF	lp	16	1	1	0	0	0.38	0	
full2	DBSingleClientW-PT-d2m05	RC	hscb	16	4	4	0	0	4.22	0	
full2	DBSingleClientW-PT-d2m05	RC	lp	16	11	11	0	0	0.13	0	
full2	DBSingleClientW-PT-d2m05	RF	hscb	16	0	0	0	0	4.17	0	
full2	DBSingleClientW-PT-d2m05	RF	lp	16	1	1	0	0	0.25	0	
full2	Dekker-PT-010	RC	hscb	16	16	16	0	0	0.33	0	
full2	Dekker-PT-010	RC	lp	16	10	10	0	0	0.01	0	
full2	Dekker-PT-010	RF	hscb	16	16	16	0	0	1.32	0	
full2	Dekker-PT-010	RF	lp	16	3	3	0	0	0.01	0	
full2	Dekker-PT-015	RC	hscb	16	14	14	0	0	7.28	0	
full2	Dekker-PT-015	RC	lp	16	5	5	0	0	0.01	0	
full2	Dekker-PT-015	RF	hscb	16	8	8	0	0	28.86	0	
full2	Dekker-PT-015	RF	lp	16	1	1	0	0	0.01	0	
full2	Dekker-PT-020	RC	hscb	16	0	0	0	0	60.05	124	
full2	Dekker-PT-020	RC	lp	16	7	7	0	0	0.01	0	
full2	Dekker-PT-020	RF	hscb	16	0	0	0	0	60.06	124	
full2	Dekker-PT-020	RF	lp	16	0	0	0	0	0.01	0	
full2	DES-PT-01a	RC	hscb	16	2	2	0	0	36.22	0	
full2	DES-PT-01a	RC	lp	16	1	1	0	0	0.01	0	
full2	DES-PT-01a	RF	hscb	16	5	5	0	0	22.85	0	
full2	DES-PT-01a	RF	lp	16	2	2	0	0	0.02	0	
full2	Diffusion2D-PT-D05N010	RC	hscb	16	12	12	0	0	14.19	0	
full2	Diffusion2D-PT-D05N010	RC	lp	16	3	3	0	0	0.01	0	
full2	Diffusion2D-PT-D05N010	RF	hscb	16	14	14	0	0	8.67	0	
full2	Diffusion2D-PT-D05N010	RF	lp	16	0	0	0	0	0.01	0	
full2	DiscoveryGPU-PT-06a	RC	hscb	16	16	16	0	0	1.59	0	
full2	DiscoveryGPU-PT-06a	RC	lp	16	5	5	0	0	0.01	0	
full2	DiscoveryGPU-PT-06a	RF	hscb	16	16	16	0	0	1.44	0	
full2	DiscoveryGPU-PT-06a	RF	lp	16	0	0	0	0	0.01	0	
full2	DiscoveryGPU-PT-07a	RC	hscb	16	16	16	0	0	1.27	0	
full2	DiscoveryGPU-PT-07a	RC	lp	16	6	6	0	0	0.01	0	
full2	DiscoveryGPU-PT-07a	RF	hscb	16	16	16	0	0	5.45	0	
full2	DiscoveryGPU-PT-07a	RF	lp	16	2	2	0	0	0.01	0	
full2	DiscoveryGPU-PT-08a	RC	hscb	16	16	16	0	0	6.8	0	
full2	DiscoveryGPU-PT-08a	RC	lp	16	2	2	0	0	0.01	0	
full2	DiscoveryGPU-PT-08a	RF	hscb	16	15	15	0	0	9.5	0	
full2	DiscoveryGPU-PT-08a	RF	lp	16	0	0	0	0	0.01	0	
full2	DLCround-PT-03a	RC	hscb	16	16	16	0	0	4.24	0	
full2	DLCround-PT-03a	RC	lp	16	10	10	0	0	0.02	0	
full2	DLCround-PT-03a	RF	hscb	16	11	11	0	0	13.23	0	
full2	DLCround-PT-03a	RF	lp	16	1	1	0	0	0.01	0	
full2	DLCround-PT-04a	RC	hscb	16	15	15	0	0	4.1	0	
full2	DLCround-PT-04a	RC	lp	16	12	12	0	0	0.02	0	
full2	DLCround-PT-04a	RF	hscb	16	14	14	0	0	6.22	0	
full2	DLCround-PT-04a	RF	lp	16	1	1	0	0	0.01	0	
full2	DNAwalker-PT-01track12Block1	RC	hscb	16	0	0	0	0	0.07	1	
full2	DNAwalker-PT-01track12Block1	RC	lp	16	1	1	0	0	0.01	0	
full2	DNAwalker-PT-01track12Block1	RF	hscb	16	0	0	0	0	0.06	1	
full2	DNAwalker-PT-01track12Block1	RF	lp	16	0	0	0	0	0.01	0	
full2	DNAwalker-PT-02track12Block2	RC	hscb	16	0	0	0	0	0.06	1	
full2	DNAwalker-PT-02track12Block2	RC	lp	16	9	9	0	0	0.01	0	
full2	DNAwalker-PT-02track12Block2	RF	hscb	16	0	0	0	0	0.07	1	
full2	DNAwalker-PT-02track12Block2	RF	lp	16	0	0	0	0	0.01	0	
full2	DNAwalker-PT-03track12BlockBoth	RC	hscb	16	0	0	0	0	0.06	1	
full2	DNAwalker-PT-03track12BlockBoth	RC	lp	16	4	4	0	0	0.01	0	
full2	DNAwalker-PT-03track12BlockBoth	RF	hscb	16	0	0	0	0	0.06	1	
full2	DNAwalker-PT-03track12BlockBoth	RF	lp	16	1	1	0	0	0.01	0	
full2	DNAwalker-PT-04track28LL	RC	hscb	16	0	0	0	0	0.06	1	
full2	DNAwalker-PT-04track28LL	RC	lp	16	6	6	0	0	0.01	0	
full2	DNAwalker-PT-04track28LL	RF	hscb	16	0	0	0	0	0.06	1	
full2	DNAwalker-PT-04track28LL	RF	lp	16	0	0	0	0	0.01	0	
full2	DNAwalker-PT-05track28LR	RC	hscb	16	0	0	0	0	0.06	1	
full2	DNAwalker-PT-05track28LR	RC	lp	16	2	2	0	0	0.01	0	
full2	DNAwalker-PT-05track28LR	RF	hscb	16	0	0	0	0	0.07	1	
full2	DNAwalker-PT-05track28LR	RF	lp	16	0	0	0	0	0.01	0	
full2	DNAwalker-PT-08ringLL	RC	hscb	16	0	0	0	0	0.06	1	
full2	DNAwalker-PT-08ringLL	RC	lp	16	5	5	0	0	0.01	0	
full2	DNAwalker-PT-08ringLL	RF	hscb	16	0	0	0	0	0.07	1	
full2	DNAwalker-PT-08ringLL	RF	lp	16	0	0	0	0	0.01	0	
full2	DNAwalker-PT-09ringLR	RC	hscb	16	0	0	0	0	0.07	1	
full2	DNAwalker-PT-09ringLR	RC	lp	16	4	4	0	0	0.01	0	
full2	DNAwalker-PT-09ringLR	RF	hscb	16	0	0	0	0	0.07	1	
full2	DNAwalker-PT-09ringLR	RF	lp	16	0	0	0	0	0.01	0	
full2	DoubleExponent-PT-001	RC	hscb	16	1	1	0	0	0.07	0	
full2	DoubleExponent-PT-001	RC	lp	16	3	3	0	0	0.01	0	
full2	DoubleExponent-PT-001	RF	hscb	16	1	1	0	0	0.08	0	
full2	DoubleExponent-PT-001	RF	lp	16	1	1	0	0	0.01	0	
full2	DoubleExponent-PT-002	RC	hscb	16	1	1	0	0	0.56	0	
full2	DoubleExponent-PT-002	RC	lp	16	7	7	0	0	0.06	0	
full2	DoubleExponent-PT-002	RF	hscb	16	0	0	0	0	1.39	0	
full2	DoubleExponent-PT-002	RF	lp	16	3	3	0	0	0.02	0	
full2	DoubleExponent-PT-003	RC	hscb	16	1	1	0	0	0.07	0	
full2	DoubleExponent-PT-003	RC	lp	16	7	7	0	0	0.14	0	
full2	DoubleExponent-PT-003	RF	hscb	16	1	1	0	0	0.82	0	
full2	DoubleExponent-PT-003	RF	lp	16	8	8	0	0	0.04	0	
full2	DrinkVendingMachine-PT-02	RC	hscb	16	16	16	0	0	0.15	0	
full2	DrinkVendingMachine-PT-02	RC	lp	16	1	1	0	0	0.01	0	
full2	DrinkVendingMachine-PT-02	RF	hscb	16	16	16	0	0	0.12	0	
full2	DrinkVendingMachine-PT-02	RF	lp	16	3	3	0	0	0.01	0	
full2	EGFr-PT-02010	RC	hscb	16	15	15	0	0	1.78	0	
full2	EGFr-PT-02010	RC	lp	16	10	10	0	0	0.01	0	
full2	EGFr-PT-02010	RF	hscb	16	16	16	0	0	4.73	0	
full2	EGFr-PT-02010	RF	lp	16	1	1	0	0	0.01	0	
full2	EisenbergMcGuire-PT-03	RC	hscb	16	7	7	0	0	21.28	0	
full2	EisenbergMcGuire-PT-03	RC	lp	16	2	2	0	0	0.01	0	
full2	EisenbergMcGuire-PT-03	RF	hscb	16	8	8	0	0	21.39	0	
full2	EisenbergMcGuire-PT-03	RF	lp	16	2	2	0	0	0.01	0	
full2	EisenbergMcGuire-PT-04	RC	hscb	16	7	7	0	0	18.42	0	
full2	EisenbergMcGuire-PT-04	RC	lp	16	4	4	0	0	0.02	0	
full2	EisenbergMcGuire-PT-04	RF	hscb	16	2	2	0	0	28.53	0	
full2	EisenbergMcGuire-PT-04	RF	lp	16	1	1	0	0	0.02	0	
full2	EisenbergMcGuire-PT-05	RC	hscb	16	6	6	0	0	22.68	0	
full2	EisenbergMcGuire-PT-05	RC	lp	16	5	5	0	0	0.02	0	
full2	EisenbergMcGuire-PT-05	RF	hscb	16	3	3	0	0	26.79	0	
full2	EisenbergMcGuire-PT-05	RF	lp	16	1	1	0	0	0.04	0	
full2	Eratosthenes-PT-010	RC	hscb	16	0	0	0	0	0.06	0	
full2	Eratosthenes-PT-010	RC	lp	16	3	3	0	0	0.01	0	
full2	Eratosthenes-PT-010	RF	hscb	16	0	0	0	0	0.07	0	
full2	Eratosthenes-PT-010	RF	lp	16	0	0	0	0	0.01	0	
full2	Eratosthenes-PT-020	RC	hscb	16	7	7	0	0	0.07	0	
full2	Eratosthenes-PT-020	RC	lp	16	13	13	0	0	0.01	0	
full2	Eratosthenes-PT-020	RF	hscb	16	0	0	0	0	0.07	0	
full2	Eratosthenes-PT-020	RF	lp	16	1	1	0	0	0.01	0	
full2	ERK-PT-000001	RC	hscb	16	16	16	0	0	0.06	0	
full2	ERK-PT-000001	RC	lp	16	2	2	0	0	0.01	0	
full2	ERK-PT-000001	RF	hscb	16	16	16	0	0	0.06	0	
full2	ERK-PT-000001	RF	lp	16	3	3	0	0	0.01	0	
full2	ERK-PT-000010	RC	hscb	16	15	15	0	0	0.45	0	
full2	ERK-PT-000010	RC	lp	16	2	2	0	0	0.01	0	
full2	ERK-PT-000010	RF	hscb	16	16	16	0	0	0.11	0	
full2	ERK-PT-000010	RF	lp	16	4	4	0	0	0.01	0	
full2	ErlangenMainframeV1-PT-bP01C01	RC	hscb	16	6	6	0	0	21.32	0	
full2	ErlangenMainframeV1-PT-bP01C01	RC	lp	16	5	5	0	0	0.01	0	
full2	ErlangenMainframeV1-PT-bP01C01	RF	hscb	16	1	1	0	0	33.32	0	
full2	ErlangenMainframeV1-PT-bP01C01	RF	lp	16	0	0	0	0	0.02	0	
full2	FamilyReunion-PT-L00050M0005C002P002G001	RC	hscb	16	0	0	0	0	60.11	124	
full2	FamilyReunion-PT-L00050M0005C002P002G001	RC	lp	16	4	4	0	0	13.45	0	
full2	FamilyReunion-PT-L00050M0005C002P002G001	RF	hscb	16	0	0	0	0	60.11	124	
full2	FamilyReunion-PT-L00050M0005C002P002G001	RF	lp	16	0	0	0	0	0.09	0	
full2	FileSystem-PT-N02I05B05	RC	hscb	16	4	4	0	0	6.5	0	
full2	FileSystem-PT-N02I05B05	RC	lp	16	3	3	0	0	0.01	0	
full2	FileSystem-PT-N02I05B05	RF	hscb	16	1	1	0	0	14.89	0	
full2	FileSystem-PT-N02I05B05	RF	lp	16	0	0	0	0	0.01	0	
full2	FileSystem-PT-N02I10B08	RC	hscb	16	0	0	0	0	60.02	124	
full2	FileSystem-PT-N02I10B08	RC	lp	16	8	8	0	0	0.1	0	
full2	FileSystem-PT-N02I10B08	RF	hscb	16	0	0	0	0	60.02	124	
full2	FileSystem-PT-N02I10B08	RF	lp	16	0	0	0	0	0.01	0	
full2	FileSystem-PT-N02I10B10	RC	hscb	16	0	0	0	0	60.03	124	
full2	FileSystem-PT-N02I10B10	RC	lp	16	7	7	0	0	0.07	0	
full2	FileSystem-PT-N02I10B10	RF	hscb	16	0	0	0	0	60.02	124	
full2	FileSystem-PT-N02I10B10	RF	lp	16	0	0	0	0	0.09	0	
full2	FileSystem-PT-N02I15B15	RC	hscb	16	0	0	0	0	60.03	124	
full2	FileSystem-PT-N02I15B15	RC	lp	16	7	7	0	0	0.06	0	
full2	FileSystem-PT-N02I15B15	RF	hscb	16	0	0	0	0	60.03	124	
full2	FileSystem-PT-N02I15B15	RF	lp	16	0	0	0	0	0.03	0	
full2	FileSystem-PT-N03I10B08	RC	hscb	16	0	0	0	0	60.02	124	
full2	FileSystem-PT-N03I10B08	RC	lp	16	6	6	0	0	0.02	0	
full2	FileSystem-PT-N03I10B08	RF	hscb	16	0	0	0	0	60.02	124	
full2	FileSystem-PT-N03I10B08	RF	lp	16	1	1	0	0	0.07	0	
full2	FileSystem-PT-N03I10B10	RC	hscb	16	0	0	0	0	60.03	124	
full2	FileSystem-PT-N03I10B10	RC	lp	16	7	7	0	0	0.05	0	
full2	FileSystem-PT-N03I10B10	RF	hscb	16	0	0	0	0	60.03	124	
full2	FileSystem-PT-N03I10B10	RF	lp	16	1	1	0	0	0.12	0	
full2	FileSystem-PT-N03I10B15	RC	hscb	16	0	0	0	0	60.02	124	
full2	FileSystem-PT-N03I10B15	RC	lp	16	6	6	0	0	0.12	0	
full2	FileSystem-PT-N03I10B15	RF	hscb	16	0	0	0	0	60.02	124	
full2	FileSystem-PT-N03I10B15	RF	lp	16	2	2	0	0	0.11	0	
full2	FileSystem-PT-N05I10B10	RC	hscb	16	0	0	0	0	60.03	124	
full2	FileSystem-PT-N05I10B10	RC	lp	16	6	6	0	0	0.02	0	
full2	FileSystem-PT-N05I10B10	RF	hscb	16	0	0	0	0	60.03	124	
full2	FileSystem-PT-N05I10B10	RF	lp	16	1	1	0	0	0.03	0	
full2	FileSystem-PT-N05I10B15	RC	hscb	16	0	0	0	0	60.03	124	
full2	FileSystem-PT-N05I10B15	RC	lp	16	6	6	0	0	0.04	0	
full2	FileSystem-PT-N05I10B15	RF	hscb	16	0	0	0	0	60.03	124	
full2	FileSystem-PT-N05I10B15	RF	lp	16	0	0	0	0	0.02	0	
full2	FireWire-PT-01	RC	hscb	16	6	6	0	0	21.54	0	
full2	FireWire-PT-01	RC	lp	16	4	4	0	0	0.02	0	
full2	FireWire-PT-01	RF	hscb	16	7	7	0	0	18.95	0	
full2	FireWire-PT-01	RF	lp	16	3	3	0	0	0.03	0	
full2	FireWire-PT-02	RC	hscb	16	8	8	0	0	18.31	0	
full2	FireWire-PT-02	RC	lp	16	6	6	0	0	0.04	0	
full2	FireWire-PT-02	RF	hscb	16	8	8	0	0	20.31	0	
full2	FireWire-PT-02	RF	lp	16	3	3	0	0	0.05	0	
full2	FireWire-PT-03	RC	hscb	16	6	6	0	0	26.57	0	
full2	FireWire-PT-03	RC	lp	16	3	3	0	0	0.05	0	
full2	FireWire-PT-03	RF	hscb	16	5	5	0	0	22.44	0	
full2	FireWire-PT-03	RF	lp	16	0	0	0	0	0.01	0	
full2	FireWire-PT-04	RC	hscb	16	4	4	0	0	25.33	0	
full2	FireWire-PT-04	RC	lp	16	2	2	0	0	0.02	0	
full2	FireWire-PT-04	RF	hscb	16	4	4	0	0	24.52	0	
full2	FireWire-PT-04	RF	lp	16	2	2	0	0	0.02	0	
full2	FireWire-PT-05	RC	hscb	16	8	8	0	0	19.88	0	
full2	FireWire-PT-05	RC	lp	16	4	4	0	0	0.03	0	
full2	FireWire-PT-05	RF	hscb	16	7	7	0	0	22.17	0	
full2	FireWire-PT-05	RF	lp	16	3	3	0	0	0.03	0	
full2	FireWire-PT-06	RC	hscb	16	7	7	0	0	21.27	0	
full2	FireWire-PT-06	RC	lp	16	2	2	0	0	0.02	0	
full2	FireWire-PT-06	RF	hscb	16	5	5	0	0	26.03	0	
full2	FireWire-PT-06	RF	lp	16	0	0	0	0	0.02	0	
full2	FireWire-PT-07	RC	hscb	16	6	6	0	0	22.55	0	
full2	FireWire-PT-07	RC	lp	16	4	4	0	0	0.03	0	
full2	FireWire-PT-07	RF	hscb	16	7	7	0	0	18.43	0	
full2	FireWire-PT-07	RF	lp	16	3	3	0	0	0.05	0	
full2	FireWire-PT-08	RC	hscb	16	6	6	0	0	20.51	0	
full2	FireWire-PT-08	RC	lp	16	3	3	0	0	0.02	0	
full2	FireWire-PT-08	RF	hscb	16	3	3	0	0	26.48	0	
full2	FireWire-PT-08	RF	lp	16	1	1	0	0	0.01	0	
full2	FireWire-PT-09	RC	hscb	16	5	5	0	0	22.59	0	
full2	FireWire-PT-09	RC	lp	16	4	4	0	0	0.05	0	
full2	FireWire-PT-09	RF	hscb	16	5	5	0	0	22.96	0	
full2	FireWire-PT-09	RF	lp	16	0	0	0	0	0.01	0	
full2	FireWire-PT-10	RC	hscb	16	5	5	0	0	22.62	0	
full2	FireWire-PT-10	RC	lp	16	3	3	0	0	0.02	0	
full2	FireWire-PT-10	RF	hscb	16	8	8	0	0	16.85	0	
full2	FireWire-PT-10	RF	lp	16	3	3	0	0	0.02	0	
full2	FireWire-PT-12	RC	hscb	16	5	5	0	0	29.13	0	
full2	FireWire-PT-12	RC	lp	16	5	5	0	0	0.02	0	
full2	FireWire-PT-12	RF	hscb	16	8	8	0	0	18.39	0	
full2	FireWire-PT-12	RF	lp	16	4	4	0	0	0.07	0	
full2	FireWire-PT-13	RC	hscb	16	3	3	0	0	28.84	0	
full2	FireWire-PT-13	RC	lp	16	3	3	0	0	0.07	0	
full2	FireWire-PT-13	RF	hscb	16	5	5	0	0	23.05	0	
full2	FireWire-PT-13	RF	lp	16	1	1	0	0	0.04	0	
full2	FireWire-PT-14	RC	hscb	16	8	8	0	0	17.98	0	
full2	FireWire-PT-14	RC	lp	16	7	7	0	0	0.06	0	
full2	FireWire-PT-14	RF	hscb	16	6	6	0	0	20.8	0	
full2	FireWire-PT-14	RF	lp	16	0	0	0	0	0.02	0	
full2	FireWire-PT-15	RC	hscb	16	7	7	0	0	18.78	0	
full2	FireWire-PT-15	RC	lp	16	6	6	0	0	0.06	0	
full2	FireWire-PT-15	RF	hscb	16	4	4	0	0	25.63	0	
full2	FireWire-PT-15	RF	lp	16	2	2	0	0	0.05	0	
full2	FireWire-PT-16	RC	hscb	16	10	10	0	0	15.62	0	
full2	FireWire-PT-16	RC	lp	16	4	4	0	0	0.09	0	
full2	FireWire-PT-16	RF	hscb	16	1	1	0	0	29.63	0	
full2	FireWire-PT-16	RF	lp	16	0	0	0	0	0.03	0	
full2	FlexibleBarrier-PT-04a	RC	hscb	16	16	16	0	0	0.41	0	
full2	FlexibleBarrier-PT-04a	RC	lp	16	6	6	0	0	0.01	0	
full2	FlexibleBarrier-PT-04a	RF	hscb	16	16	16	0	0	0.22	0	
full2	FlexibleBarrier-PT-04a	RF	lp	16	2	2	0	0	0.01	0	
full2	FlexibleBarrier-PT-04b	RC	hscb	16	4	4	0	0	29.54	0	
full2	FlexibleBarrier-PT-04b	RC	lp	16	2	2	0	0	0.03	0	
full2	FlexibleBarrier-PT-04b	RF	hscb	16	2	2	0	0	32.73	0	
full2	FlexibleBarrier-PT-04b	RF	lp	16	1	1	0	0	0.03	0	
full2	FlexibleBarrier-PT-06a	RC	hscb	16	14	14	0	0	3.93	0	
full2	FlexibleBarrier-PT-06a	RC	lp	16	7	7	0	0	0.01	0	
full2	FlexibleBarrier-PT-06a	RF	hscb	16	16	16	0	0	0.33	0	
full2	FlexibleBarrier-PT-06a	RF	lp	16	2	2	0	0	0.01	0	
full2	FlexibleBarrier-PT-08a	RC	hscb	16	16	16	0	0	2.92	0	
full2	FlexibleBarrier-PT-08a	RC	lp	16	9	9	0	0	0.02	0	
full2	FlexibleBarrier-PT-08a	RF	hscb	16	11	11	0	0	18.53	0	
full2	FlexibleBarrier-PT-08a	RF	lp	16	0	0	0	0	0.01	0	
full2	FMS-PT-00002	RC	hscb	16	5	5	0	0	0.07	0	
full2	FMS-PT-00002	RC	lp	16	10	10	0	0	0.01	0	
full2	FMS-PT-00002	RF	hscb	16	0	0	0	0	0.07	0	
full2	FMS-PT-00002	RF	lp	16	3	3	0	0	0.01	0	
full2	FMS-PT-00005	RC	hscb	16	1	1	0	0	0.08	0	
full2	FMS-PT-00005	RC	lp	16	4	4	0	0	0.01	0	
full2	FMS-PT-00005	RF	hscb	16	0	0	0	0	0.08	0	
full2	FMS-PT-00005	RF	lp	16	0	0	0	0	0.01	0	
full2	FunctionPointer-PT-a008	RC	hscb	16	1	1	0	0	0.07	0	
full2	FunctionPointer-PT-a008	RC	lp	16	5	5	0	0	0.01	0	
full2	FunctionPointer-PT-a008	RF	hscb	16	2	2	0	0	0.07	0	
full2	FunctionPointer-PT-a008	RF	lp	16	7	7	0	0	0.01	0	
full2	GlobalResAllocation-PT-03	RC	hscb	16	4	4	0	0	0.27	0	
full2	GlobalResAllocation-PT-03	RC	lp	16	11	11	0	0	0.21	0	
full2	GlobalResAllocation-PT-03	RF	hscb	16	3	3	0	0	0.48	0	
full2	GlobalResAllocation-PT-03	RF	lp	16	6	6	0	0	0.35	0	
full2	GPPP-PT-C0001N0000000001	RC	hscb	16	3	3	0	0	0.07	0	
full2	GPPP-PT-C0001N0000000001	RC	lp	16	9	9	0	0	0.01	0	
full2	GPPP-PT-C0001N0000000001	RF	hscb	16	0	0	0	0	0.07	0	
full2	GPPP-PT-C0001N0000000001	RF	lp	16	1	1	0	0	0.01	0	
full2	GPPP-PT-C0001N0000000010	RC	hscb	16	3	3	0	0	0.06	0	
full2	GPPP-PT-C0001N0000000010	RC	lp	16	15	15	0	0	0.01	0	
full2	GPPP-PT-C0001N0000000010	RF	hscb	16	0	0	0	0	4.07	0	
full2	GPPP-PT-C0001N0000000010	RF	lp	16	2	2	0	0	0.01	0	
full2	GPPP-PT-C0001N0000000100	RC	hscb	16	0	0	0	0	5.78	0	
full2	GPPP-PT-C0001N0000000100	RC	lp	16	11	11	0	0	0.01	0	
full2	GPPP-PT-C0001N0000000100	RF	hscb	16	0	0	0	0	5.34	0	
full2	GPPP-PT-C0001N0000000100	RF	lp	16	1	1	0	0	0.01	0	
full2	GPUForwardProgress-PT-04a	RC	hscb	16	16	16	0	0	0.09	0	
full2	GPUForwardProgress-PT-04a	RC	lp	16	1	1	0	0	0.01	0	
full2	GPUForwardProgress-PT-04a	RF	hscb	16	16	16	0	0	0.08	0	
full2	GPUForwardProgress-PT-04a	RF	lp	16	0	0	0	0	0.01	0	
full2	GPUForwardProgress-PT-04b	RC	hscb	16	12	12	0	0	17.07	0	
full2	GPUForwardProgress-PT-04b	RC	lp	16	5	5	0	0	0.02	0	
full2	GPUForwardProgress-PT-04b	RF	hscb	16	10	10	0	0	24.46	0	
full2	GPUForwardProgress-PT-04b	RF	lp	16	1	1	0	0	0.01	0	
full2	GPUForwardProgress-PT-08a	RC	hscb	16	16	16	0	0	1.84	0	
full2	GPUForwardProgress-PT-08a	RC	lp	16	6	6	0	0	0.01	0	
full2	GPUForwardProgress-PT-08a	RF	hscb	16	16	16	0	0	1.53	0	
full2	GPUForwardProgress-PT-08a	RF	lp	16	3	3	0	0	0.01	0	
full2	GPUForwardProgress-PT-12a	RC	hscb	16	12	12	0	0	13.84	0	
full2	GPUForwardProgress-PT-12a	RC	lp	16	11	11	0	0	0.01	0	
full2	GPUForwardProgress-PT-12a	RF	hscb	16	8	8	0	0	20.41	0	
full2	GPUForwardProgress-PT-12a	RF	lp	16	0	0	0	0	0.01	0	
full2	HealthRecord-PT-01	RC	hscb	16	14	14	0	0	8.13	0	
full2	HealthRecord-PT-01	RC	lp	16	2	2	0	0	0.01	0	
full2	HealthRecord-PT-01	RF	hscb	16	16	16	0	0	5.81	0	
full2	HealthRecord-PT-01	RF	lp	16	2	2	0	0	0.01	0	
full2	HealthRecord-PT-02	RC	hscb	16	15	15	0	0	5.39	0	
full2	HealthRecord-PT-02	RC	lp	16	2	2	0	0	0.01	0	
full2	HealthRecord-PT-02	RF	hscb	16	12	12	0	0	11.37	0	
full2	HealthRecord-PT-02	RF	lp	16	4	4	0	0	0.01	0	
full2	HealthRecord-PT-03	RC	hscb	16	13	13	0	0	9.15	0	
full2	HealthRecord-PT-03	RC	lp	16	5	5	0	0	0.02	0	
full2	HealthRecord-PT-03	RF	hscb	16	14	14	0	0	8.82	0	
full2	HealthRecord-PT-03	RF	lp	16	3	3	0	0	0.02	0	
full2	HealthRecord-PT-04	RC	hscb	16	13	13	0	0	10.89	0	
full2	HealthRecord-PT-04	RC	lp	16	5	5	0	0	0.03	0	
full2	HealthRecord-PT-04	RF	hscb	16	13	13	0	0	12.0	0	
full2	HealthRecord-PT-04	RF	lp	16	1	1	0	0	0.01	0	
full2	HealthRecord-PT-05	RC	hscb	16	15	15	0	0	8.9	0	
full2	HealthRecord-PT-05	RC	lp	16	6	6	0	0	0.02	0	
full2	HealthRecord-PT-05	RF	hscb	16	16	16	0	0	7.31	0	
full2	HealthRecord-PT-05	RF	lp	16	1	1	0	0	0.01	0	
full2	HealthRecord-PT-06	RC	hscb	16	12	12	0	0	19.88	0	
full2	HealthRecord-PT-06	RC	lp	16	3	3	0	0	0.01	0	
full2	HealthRecord-PT-06	RF	hscb	16	6	6	0	0	25.7	0	
full2	HealthRecord-PT-06	RF	lp	16	0	0	0	0	0.01	0	
full2	HealthRecord-PT-07	RC	hscb	16	4	4	0	0	34.32	0	
full2	HealthRecord-PT-07	RC	lp	16	2	2	0	0	0.02	0	
full2	HealthRecord-PT-07	RF	hscb	16	8	8	0	0	22.81	0	
full2	HealthRecord-PT-07	RF	lp	16	3	3	0	0	0.02	0	
full2	HealthRecord-PT-08	RC	hscb	16	6	6	0	0	28.1	0	
full2	HealthRecord-PT-08	RC	lp	16	5	5	0	0	0.02	0	
full2	HealthRecord-PT-08	RF	hscb	16	2	2	0	0	29.83	0	
full2	HealthRecord-PT-08	RF	lp	16	1	1	0	0	0.01	0	
full2	HealthRecord-PT-09	RC	hscb	16	5	5	0	0	26.58	0	
full2	HealthRecord-PT-09	RC	lp	16	3	3	0	0	0.02	0	
full2	HealthRecord-PT-09	RF	hscb	16	3	3	0	0	31.6	0	
full2	HealthRecord-PT-09	RF	lp	16	1	1	0	0	0.01	0	
full2	HexagonalGrid-PT-110	RC	hscb	16	15	15	0	0	0.28	0	
full2	HexagonalGrid-PT-110	RC	lp	16	10	10	0	0	0.01	0	
full2	HexagonalGrid-PT-110	RF	hscb	16	16	16	0	0	0.31	0	
full2	HexagonalGrid-PT-110	RF	lp	16	2	2	0	0	0.01	0	
full2	HexagonalGrid-PT-126	RC	hscb	16	16	16	0	0	0.26	0	
full2	HexagonalGrid-PT-126	RC	lp	16	16	16	0	0	0.01	0	
full2	HexagonalGrid-PT-126	RF	hscb	16	16	16	0	0	1.8	0	
full2	HexagonalGrid-PT-126	RF	lp	16	1	1	0	0	0.01	0	
full2	HirschbergSinclair-PT-05	RC	hscb	16	2	2	0	0	4.29	0	
full2	HirschbergSinclair-PT-05	RC	lp	16	5	5	0	0	0.01	0	
full2	HirschbergSinclair-PT-05	RF	hscb	16	0	0	0	0	0.52	0	
full2	HirschbergSinclair-PT-05	RF	lp	16	3	3	0	0	0.01	0	
full2	HouseConstruction-PT-00002	RC	hscb	16	0	0	0	0	0.06	1	
full2	HouseConstruction-PT-00002	RC	lp	16	2	2	0	0	0.01	0	
full2	HouseConstruction-PT-00002	RF	hscb	16	0	0	0	0	0.07	1	
full2	HouseConstruction-PT-00002	RF	lp	16	0	0	0	0	0.01	0	
full2	HouseConstruction-PT-00005	RC	hscb	16	0	0	0	0	0.07	1	
full2	HouseConstruction-PT-00005	RC	lp	16	5	5	0	0	0.0	0	
full2	HouseConstruction-PT-00005	RF	hscb	16	0	0	0	0	0.06	1	
full2	HouseConstruction-PT-00005	RF	lp	16	0	0	0	0	0.01	0	
full2	HypertorusGrid-PT-d2k1p8b00	RC	hscb	16	16	16	0	0	0.59	0	
full2	HypertorusGrid-PT-d2k1p8b00	RC	lp	16	7	7	0	0	0.01	0	
full2	HypertorusGrid-PT-d2k1p8b00	RF	hscb	16	16	16	0	0	0.1	0	
full2	HypertorusGrid-PT-d2k1p8b00	RF	lp	16	4	4	0	0	0.01	0	
full2	IBM319-PT-none	RC	hscb	16	13	13	0	0	0.46	0	
full2	IBM319-PT-none	RC	lp	16	9	9	0	0	0.02	0	
full2	IBM319-PT-none	RF	hscb	16	15	15	0	0	0.45	0	
full2	IBM319-PT-none	RF	lp	16	9	9	0	0	0.03	0	
full2	IBM5964-PT-none	RC	hscb	16	2	2	0	0	0.07	0	
full2	IBM5964-PT-none	RC	lp	16	11	11	0	0	0.03	0	
full2	IBM5964-PT-none	RF	hscb	16	3	3	0	0	0.07	0	
full2	IBM5964-PT-none	RF	lp	16	12	12	0	0	0.04	0	
full2	IBM703-PT-none	RC	hscb	16	16	16	0	0	0.23	0	
full2	IBM703-PT-none	RC	lp	16	6	6	0	0	0.03	0	
full2	IBM703-PT-none	RF	hscb	16	16	16	0	0	1.22	0	
full2	IBM703-PT-none	RF	lp	16	7	7	0	0	0.04	0	
full2	IOTPpurchase-PT-C01M01P01D01	RC	hscb	16	15	15	0	0	0.13	0	
full2	IOTPpurchase-PT-C01M01P01D01	RC	lp	16	1	1	0	0	0.01	0	
full2	IOTPpurchase-PT-C01M01P01D01	RF	hscb	16	16	16	0	0	0.15	0	
full2	IOTPpurchase-PT-C01M01P01D01	RF	lp	16	0	0	0	0	0.01	0	
full2	IOTPpurchase-PT-C03M03P03D03	RC	hscb	16	2	2	0	0	0.07	0	
full2	IOTPpurchase-PT-C03M03P03D03	RC	lp	16	8	8	0	0	0.02	0	
full2	IOTPpurchase-PT-C03M03P03D03	RF	hscb	16	0	0	0	0	0.08	0	
full2	IOTPpurchase-PT-C03M03P03D03	RF	lp	16	0	0	0	0	0.01	0	
full2	IOTPpurchase-PT-C05M04P03D02	RC	hscb	16	1	1	0	0	0.89	0	
full2	IOTPpurchase-PT-C05M04P03D02	RC	lp	16	4	4	0	0	0.01	0	
full2	IOTPpurchase-PT-C05M04P03D02	RF	hscb	16	0	0	0	0	0.19	0	
full2	IOTPpurchase-PT-C05M04P03D02	RF	lp	16	0	0	0	0	0.01	0	
full2	JoinFreeModules-PT-0003	RC	hscb	16	15	15	0	0	1.31	0	
full2	JoinFreeModules-PT-0003	RC	lp	16	3	3	0	0	0.01	0	
full2	JoinFreeModules-PT-0003	RF	hscb	16	16	16	0	0	0.35	0	
full2	JoinFreeModules-PT-0003	RF	lp	16	2	2	0	0	0.01	0	
full2	JoinFreeModules-PT-0004	RC	hscb	16	12	12	0	0	14.88	0	
full2	JoinFreeModules-PT-0004	RC	lp	16	0	0	0	0	0.01	0	
full2	JoinFreeModules-PT-0004	RF	hscb	16	14	14	0	0	6.49	0	
full2	JoinFreeModules-PT-0004	RF	lp	16	1	1	0	0	0.01	0	
full2	Kanban-PT-00005	RC	hscb	16	0	0	0	0	1.33	0	
full2	Kanban-PT-00005	RC	lp	16	3	3	0	0	0.01	0	
full2	Kanban-PT-00005	RF	hscb	16	0	0	0	0	0.82	0	
full2	Kanban-PT-00005	RF	lp	16	3	3	0	0	0.01	0	
full2	LamportFastMutEx-PT-2	RC	hscb	16	15	15	0	0	0.33	0	
full2	LamportFastMutEx-PT-2	RC	lp	16	4	4	0	0	0.01	0	
full2	LamportFastMutEx-PT-2	RF	hscb	16	16	16	0	0	0.36	0	
full2	LamportFastMutEx-PT-2	RF	lp	16	1	1	0	0	0.01	0	
full2	LamportFastMutEx-PT-3	RC	hscb	16	16	16	0	0	1.24	0	
full2	LamportFastMutEx-PT-3	RC	lp	16	13	13	0	0	0.01	0	
full2	LamportFastMutEx-PT-3	RF	hscb	16	11	11	0	0	15.05	0	
full2	LamportFastMutEx-PT-3	RF	lp	16	4	4	0	0	0.01	0	
full2	LamportFastMutEx-PT-4	RC	hscb	16	12	12	0	0	18.2	0	
full2	LamportFastMutEx-PT-4	RC	lp	16	11	11	0	0	0.02	0	
full2	LamportFastMutEx-PT-4	RF	hscb	16	3	3	0	0	37.44	0	
full2	LamportFastMutEx-PT-4	RF	lp	16	2	2	0	0	0.01	0	
full2	LamportFastMutEx-PT-5	RC	hscb	16	6	6	0	0	30.16	0	
full2	LamportFastMutEx-PT-5	RC	lp	16	7	7	0	0	0.02	0	
full2	LamportFastMutEx-PT-5	RF	hscb	16	4	4	0	0	40.14	0	
full2	LamportFastMutEx-PT-5	RF	lp	16	2	2	0	0	0.01	0	
full2	LastZero-PT-N08	RC	hscb	16	3	3	0	0	0.23	0	
full2	LastZero-PT-N08	RC	lp	16	7	7	0	0	0.02	0	
full2	LastZero-PT-N08	RF	hscb	16	4	4	0	0	0.09	0	
full2	LastZero-PT-N08	RF	lp	16	7	7	0	0	0.01	0	
full2	LastZero-PT-N10	RC	hscb	16	4	4	0	0	3.5	0	
full2	LastZero-PT-N10	RC	lp	16	4	4	0	0	0.02	0	
full2	LastZero-PT-N10	RF	hscb	16	5	5	0	0	0.11	0	
full2	LastZero-PT-N10	RF	lp	16	10	10	0	0	0.02	0	
full2	LastZero-PT-N12	RC	hscb	16	3	3	0	0	4.32	0	
full2	LastZero-PT-N12	RC	lp	16	4	4	0	0	0.03	0	
full2	LastZero-PT-N12	RF	hscb	16	1	1	0	0	0.14	0	
full2	LastZero-PT-N12	RF	lp	16	6	6	0	0	0.02	0	
full2	LastZero-PT-N14	RC	hscb	16	4	4	0	0	4.47	0	
full2	LastZero-PT-N14	RC	lp	16	7	7	0	0	0.04	0	
full2	LastZero-PT-N14	RF	hscb	16	4	4	0	0	0.23	0	
full2	LastZero-PT-N14	RF	lp	16	7	7	0	0	0.02	0	
full2	LeafsetExtension-PT-S08C2	RC	hscb	16	0	0	0	0	8.33	0	
full2	LeafsetExtension-PT-S08C2	RC	lp	16	6	6	0	0	0.02	0	
full2	LeafsetExtension-PT-S08C2	RF	hscb	16	0	0	0	0	0.22	0	
full2	LeafsetExtension-PT-S08C2	RF	lp	16	2	2	0	0	0.02	0	
full2	LeafsetExtension-PT-S08C3	RC	hscb	16	0	0	0	0	12.32	0	
full2	LeafsetExtension-PT-S08C3	RC	lp	16	9	9	0	0	0.03	0	
full2	LeafsetExtension-PT-S08C3	RF	hscb	16	0	0	0	0	2.26	0	
full2	LeafsetExtension-PT-S08C3	RF	lp	16	0	0	0	0	0.01	0	
full2	LeafsetExtension-PT-S16C2	RC	hscb	16	0	0	0	0	60.13	124	
full2	LeafsetExtension-PT-S16C2	RC	lp	16	7	7	0	0	0.03	0	
full2	LeafsetExtension-PT-S16C2	RF	hscb	16	0	0	0	0	60.12	124	
full2	LeafsetExtension-PT-S16C2	RF	lp	16	0	0	0	0	0.02	0	
full2	MAPKbis-PT-5320	RC	hscb	16	14	14	0	0	9.17	0	
full2	MAPKbis-PT-5320	RC	lp	16	6	6	0	0	0.01	0	
full2	MAPKbis-PT-5320	RF	hscb	16	15	15	0	0	3.75	0	
full2	MAPKbis-PT-5320	RF	lp	16	0	0	0	0	0.01	0	
full2	MAPK-PT-00008	RC	hscb	16	5	5	0	0	0.11	0	
full2	MAPK-PT-00008	RC	lp	16	10	10	0	0	0.01	0	
full2	MAPK-PT-00008	RF	hscb	16	0	0	0	0	0.07	0	
full2	MAPK-PT-00008	RF	lp	16	0	0	0	0	0.01	0	
full2	MedleyA-PT-01	RC	hscb	16	15	15	0	0	4.58	0	
full2	MedleyA-PT-01	RC	lp	16	8	8	0	0	0.01	0	
full2	MedleyA-PT-01	RF	hscb	16	16	16	0	0	4.19	0	
full2	MedleyA-PT-01	RF	lp	16	1	1	0	0	0.01	0	
full2	MedleyA-PT-02	RC	hscb	16	15	15	0	0	6.93	0	
full2	MedleyA-PT-02	RC	lp	16	6	6	0	0	0.01	0	
full2	MedleyA-PT-02	RF	hscb	16	15	15	0	0	14.52	0	
full2	MedleyA-PT-02	RF	lp	16	1	1	0	0	0.01	0	
full2	MedleyA-PT-03	RC	hscb	16	3	3	0	0	28.93	0	
full2	MedleyA-PT-03	RC	lp	16	4	4	0	0	0.02	0	
full2	MedleyA-PT-03	RF	hscb	16	5	5	0	0	25.03	0	
full2	MedleyA-PT-03	RF	lp	16	1	1	0	0	0.02	0	
full2	MedleyA-PT-04	RC	hscb	16	10	10	0	0	16.54	0	
full2	MedleyA-PT-04	RC	lp	16	4	4	0	0	0.02	0	
full2	MedleyA-PT-04	RF	hscb	16	9	9	0	0	18.32	0	
full2	MedleyA-PT-04	RF	lp	16	1	1	0	0	0.02	0	
full2	MedleyA-PT-06	RC	hscb	16	13	13	0	0	13.89	0	
full2	MedleyA-PT-06	RC	lp	16	3	3	0	0	0.01	0	
full2	MedleyA-PT-06	RF	hscb	16	14	14	0	0	7.42	0	
full2	MedleyA-PT-06	RF	lp	16	3	3	0	0	0.01	0	
full2	MedleyA-PT-07	RC	hscb	16	5	5	0	0	26.89	0	
full2	MedleyA-PT-07	RC	lp	16	5	5	0	0	0.02	0	
full2	MedleyA-PT-07	RF	hscb	16	5	5	0	0	26.68	0	
full2	MedleyA-PT-07	RF	lp	16	3	3	0	0	0.02	0	
full2	MedleyA-PT-08	RC	hscb	16	7	7	0	0	18.74	0	
full2	MedleyA-PT-08	RC	lp	16	3	3	0	0	0.02	0	
full2	MedleyA-PT-08	RF	hscb	16	4	4	0	0	25.11	0	
full2	MedleyA-PT-08	RF	lp	16	2	2	0	0	0.01	0	
full2	MedleyA-PT-09	RC	hscb	16	3	3	0	0	30.74	0	
full2	MedleyA-PT-09	RC	lp	16	1	1	0	0	0.02	0	
full2	MedleyA-PT-09	RF	hscb	16	5	5	0	0	25.59	0	
full2	MedleyA-PT-09	RF	lp	16	1	1	0	0	0.01	0	
full2	MedleyA-PT-10	RC	hscb	16	3	3	0	0	28.19	0	
full2	MedleyA-PT-10	RC	lp	16	2	2	0	0	0.07	0	
full2	MedleyA-PT-10	RF	hscb	16	11	11	0	0	12.64	0	
full2	MedleyA-PT-10	RF	lp	16	4	4	0	0	0.02	0	
full2	MedleyA-PT-13	RC	hscb	16	12	12	0	0	14.05	0	
full2	MedleyA-PT-13	RC	lp	16	4	4	0	0	0.02	0	
full2	MedleyA-PT-13	RF	hscb	16	12	12	0	0	15.72	0	
full2	MedleyA-PT-13	RF	lp	16	4	4	0	0	0.02	0	
full2	MedleyA-PT-15	RC	hscb	16	4	4	0	0	29.66	0	
full2	MedleyA-PT-15	RC	lp	16	3	3	0	0	0.04	0	
full2	MedleyA-PT-15	RF	hscb	16	5	5	0	0	23.49	0	
full2	MedleyA-PT-15	RF	lp	16	3	3	0	0	0.07	0	
full2	MedleyA-PT-16	RC	hscb	16	3	3	0	0	30.22	0	
full2	MedleyA-PT-16	RC	lp	16	3	3	0	0	0.06	0	
full2	MedleyA-PT-16	RF	hscb	16	0	0	0	0	40.23	0	
full2	MedleyA-PT-16	RF	lp	16	0	0	0	0	0.02	0	
full2	MedleyA-PT-17	RC	hscb	16	0	0	0	0	42.54	0	
full2	MedleyA-PT-17	RC	lp	16	0	0	0	0	0.03	0	
full2	MedleyA-PT-17	RF	hscb	16	3	3	0	0	28.71	0	
full2	MedleyA-PT-17	RF	lp	16	1	1	0	0	0.06	0	
full2	MedleyA-PT-18	RC	hscb	16	1	1	0	0	30.83	0	
full2	MedleyA-PT-18	RC	lp	16	0	0	0	0	0.04	0	
full2	MedleyA-PT-18	RF	hscb	16	4	4	0	0	28.59	0	
full2	MedleyA-PT-18	RF	lp	16	0	0	0	0	0.02	0	
full2	MedleyB-PT-B01	RC	hscb	16	4	4	0	0	27.24	0	
full2	MedleyB-PT-B01	RC	lp	16	3	3	0	0	0.23	0	
full2	MedleyB-PT-B01	RF	hscb	16	4	4	0	0	30.97	0	
full2	MedleyB-PT-B01	RF	lp	16	2	2	0	0	0.09	0	
full2	MultiCrashLeafsetExtension-PT-S16C02	RC	hscb	16	0	0	0	0	60.19	124	
full2	MultiCrashLeafsetExtension-PT-S16C02	RC	lp	16	9	9	0	0	3.65	0	
full2	MultiCrashLeafsetExtension-PT-S16C02	RF	hscb	16	0	0	0	0	60.24	124	
full2	MultiCrashLeafsetExtension-PT-S16C02	RF	lp	16	4	4	0	0	1.95	0	
full2	MultiCrashLeafsetExtension-PT-S16C03	RC	hscb	16	0	0	0	0	60.14	124	
full2	MultiCrashLeafsetExtension-PT-S16C03	RC	lp	16	8	8	0	0	15.82	0	
full2	MultiCrashLeafsetExtension-PT-S16C03	RF	hscb	16	0	0	0	0	60.11	124	
full2	MultiCrashLeafsetExtension-PT-S16C03	RF	lp	16	0	0	0	0	1.32	0	
full2	MultiCrashLeafsetExtension-PT-S16C04	RC	hscb	16	0	0	0	0	60.13	124	
full2	MultiCrashLeafsetExtension-PT-S16C04	RC	lp	16	7	7	0	0	5.84	0	
full2	MultiCrashLeafsetExtension-PT-S16C04	RF	hscb	16	0	0	0	0	60.15	124	
full2	MultiCrashLeafsetExtension-PT-S16C04	RF	lp	16	2	2	0	0	7.39	0	
full2	MultiCrashLeafsetExtension-PT-S16C05	RC	hscb	16	0	0	0	0	60.17	124	
full2	MultiCrashLeafsetExtension-PT-S16C05	RC	lp	16	7	7	0	0	6.06	0	
full2	MultiCrashLeafsetExtension-PT-S16C05	RF	hscb	16	0	0	0	0	60.14	124	
full2	MultiCrashLeafsetExtension-PT-S16C05	RF	lp	16	1	1	0	0	13.24	0	
full2	MultiCrashLeafsetExtension-PT-S24C02	RC	hscb	16	0	0	0	0	60.23	124	
full2	MultiCrashLeafsetExtension-PT-S24C02	RC	lp	16	7	7	0	0	16.31	0	
full2	MultiCrashLeafsetExtension-PT-S24C02	RF	hscb	16	0	0	0	0	60.22	124	
full2	MultiCrashLeafsetExtension-PT-S24C02	RF	lp	16	0	0	0	0	7.36	0	
full2	MultiCrashLeafsetExtension-PT-S24C03	RC	hscb	16	0	0	0	0	59.29	1	
full2	MultiCrashLeafsetExtension-PT-S24C03	RC	lp	16	2	2	0	0	28.48	0	
full2	MultiCrashLeafsetExtension-PT-S24C03	RF	hscb	16	0	0	0	0	60.03	124	
full2	MultiCrashLeafsetExtension-PT-S24C03	RF	lp	16	1	1	0	0	31.79	0	
full2	MultiCrashLeafsetExtension-PT-S32C02	RC	hscb	16	0	0	0	0	41.94	1	
full2	MultiCrashLeafsetExtension-PT-S32C02	RC	lp	16	2	2	0	0	45.07	0	
full2	MultiCrashLeafsetExtension-PT-S32C02	RF	hscb	16	0	0	0	0	41.64	1	
full2	MultiCrashLeafsetExtension-PT-S32C02	RF	lp	16	1	1	0	0	10.85	0	
full2	Murphy-PT-D1N010	RC	hscb	16	0	0	0	0	0.06	0	
full2	Murphy-PT-D1N010	RC	lp	16	0	0	0	0	0.01	0	
full2	Murphy-PT-D1N010	RF	hscb	16	0	0	0	0	0.06	0	
full2	Murphy-PT-D1N010	RF	lp	16	1	1	0	0	0.01	0	
full2	NeighborGrid-PT-d2n3m1c12	RC	hscb	16	14	14	0	0	0.11	0	
full2	NeighborGrid-PT-d2n3m1c12	RC	lp	16	0	0	0	0	0.01	0	
full2	NeighborGrid-PT-d2n3m1c12	RF	hscb	16	16	16	0	0	0.1	0	
full2	NeighborGrid-PT-d2n3m1c12	RF	lp	16	1	1	0	0	0.01	0	
full2	NeighborGrid-PT-d2n3m1t12	RC	hscb	16	14	14	0	0	0.14	0	
full2	NeighborGrid-PT-d2n3m1t12	RC	lp	16	2	2	0	0	0.01	0	
full2	NeighborGrid-PT-d2n3m1t12	RF	hscb	16	16	16	0	0	0.1	0	
full2	NeighborGrid-PT-d2n3m1t12	RF	lp	16	3	3	0	0	0.01	0	
full2	NeoElection-PT-2	RC	hscb	16	16	16	0	0	1.27	0	
full2	NeoElection-PT-2	RC	lp	16	6	6	0	0	0.02	0	
full2	NeoElection-PT-2	RF	hscb	16	16	16	0	0	0.86	0	
full2	NeoElection-PT-2	RF	lp	16	5	5	0	0	0.02	0	
full2	NeoElection-PT-3	RC	hscb	16	11	11	0	0	28.81	0	
full2	NeoElection-PT-3	RC	lp	16	12	12	0	0	0.02	0	
full2	NeoElection-PT-3	RF	hscb	16	13	13	0	0	33.64	0	
full2	NeoElection-PT-3	RF	lp	16	8	8	0	0	0.03	0	
full2	NQueens-PT-05	RC	hscb	16	16	16	0	0	0.13	0	
full2	NQueens-PT-05	RC	lp	16	2	2	0	0	0.01	0	
full2	NQueens-PT-05	RF	hscb	16	16	16	0	0	0.13	0	
full2	NQueens-PT-05	RF	lp	16	0	0	0	0	0.0	0	
full2	NQueens-PT-08	RC	hscb	16	9	9	0	0	30.36	0	
full2	NQueens-PT-08	RC	lp	16	6	6	0	0	0.01	0	
full2	NQueens-PT-08	RF	hscb	16	6	6	0	0	41.29	0	
full2	NQueens-PT-08	RF	lp	16	0	0	0	0	0.01	0	
full2	NQueens-PT-10	RC	hscb	16	0	0	0	0	60.08	124	
full2	NQueens-PT-10	RC	lp	16	8	8	0	0	0.02	0	
full2	NQueens-PT-10	RF	hscb	16	0	0	0	0	60.08	124	
full2	NQueens-PT-10	RF	lp	16	0	0	0	0	0.01	0	
full2	ParamProductionCell-PT-0	RC	hscb	16	5	5	0	0	27.67	0	
full2	ParamProductionCell-PT-0	RC	lp	16	3	3	0	0	0.03	0	
full2	ParamProductionCell-PT-0	RF	hscb	16	4	4	0	0	24.07	0	
full2	ParamProductionCell-PT-0	RF	lp	16	1	1	0	0	0.02	0	
full2	ParamProductionCell-PT-1	RC	hscb	16	13	13	0	0	4.62	0	
full2	ParamProductionCell-PT-1	RC	lp	16	9	9	0	0	0.06	0	
full2	ParamProductionCell-PT-1	RF	hscb	16	11	11	0	0	3.88	0	
full2	ParamProductionCell-PT-1	RF	lp	16	1	1	0	0	0.03	0	
full2	ParamProductionCell-PT-2	RC	hscb	16	6	6	0	0	20.35	0	
full2	ParamProductionCell-PT-2	RC	lp	16	5	5	0	0	0.07	0	
full2	ParamProductionCell-PT-2	RF	hscb	16	5	5	0	0	21.61	0	
full2	ParamProductionCell-PT-2	RF	lp	16	2	2	0	0	0.04	0	
full2	ParamProductionCell-PT-3	RC	hscb	16	6	6	0	0	24.2	0	
full2	ParamProductionCell-PT-3	RC	lp	16	6	6	0	0	0.04	0	
full2	ParamProductionCell-PT-3	RF	hscb	16	4	4	0	0	24.83	0	
full2	ParamProductionCell-PT-3	RF	lp	16	1	1	0	0	0.02	0	
full2	ParamProductionCell-PT-4	RC	hscb	16	9	9	0	0	15.44	0	
full2	ParamProductionCell-PT-4	RC	lp	16	5	5	0	0	0.04	0	
full2	ParamProductionCell-PT-4	RF	hscb	16	5	5	0	0	25.0	0	
full2	ParamProductionCell-PT-4	RF	lp	16	2	2	0	0	0.03	0	
full2	ParamProductionCell-PT-5	RC	hscb	16	5	5	0	0	24.25	0	
full2	ParamProductionCell-PT-5	RC	lp	16	3	3	0	0	0.03	0	
full2	ParamProductionCell-PT-5	RF	hscb	16	5	5	0	0	28.94	0	
full2	ParamProductionCell-PT-5	RF	lp	16	2	2	0	0	0.03	0	
full2	Parking-PT-104	RC	hscb	16	16	16	0	0	0.43	0	
full2	Parking-PT-104	RC	lp	16	5	5	0	0	0.01	0	
full2	Parking-PT-104	RF	hscb	16	16	16	0	0	0.28	0	
full2	Parking-PT-104	RF	lp	16	3	3	0	0	0.01	0	
full2	PermAdmissibility-PT-01	RC	hscb	16	0	0	0	0	0.09	0	
full2	PermAdmissibility-PT-01	RC	lp	16	9	9	0	0	0.68	0	
full2	PermAdmissibility-PT-01	RF	hscb	16	0	0	0	0	0.1	0	
full2	PermAdmissibility-PT-01	RF	lp	16	1	1	0	0	0.06	0	
full2	Peterson-PT-2	RC	hscb	16	15	15	0	0	1.87	0	
full2	Peterson-PT-2	RC	lp	16	6	6	0	0	0.01	0	
full2	Peterson-PT-2	RF	hscb	16	14	14	0	0	13.02	0	
full2	Peterson-PT-2	RF	lp	16	1	1	0	0	0.02	0	
full2	Peterson-PT-3	RC	hscb	16	7	7	0	0	27.46	0	
full2	Peterson-PT-3	RC	lp	16	7	7	0	0	0.03	0	
full2	Peterson-PT-3	RF	hscb	16	3	3	0	0	41.67	0	
full2	Peterson-PT-3	RF	lp	16	0	0	0	0	0.01	0	
full2	Peterson-PT-4	RC	hscb	16	4	4	0	0	47.91	0	
full2	Peterson-PT-4	RC	lp	16	3	3	0	0	0.11	0	
full2	Peterson-PT-4	RF	hscb	16	2	2	0	0	41.95	0	
full2	Peterson-PT-4	RF	lp	16	2	2	0	0	0.07	0	
full2	PGCD-PT-D02N005	RC	hscb	16	0	0	0	0	0.07	0	
full2	PGCD-PT-D02N005	RC	lp	16	0	0	0	0	0.01	0	
full2	PGCD-PT-D02N005	RF	hscb	16	0	0	0	0	0.07	0	
full2	PGCD-PT-D02N005	RF	lp	16	1	1	0	0	0.01	0	
full2	PGCD-PT-D02N006	RC	hscb	16	0	0	0	0	0.06	0	
full2	PGCD-PT-D02N006	RC	lp	16	2	2	0	0	0.01	0	
full2	PGCD-PT-D02N006	RF	hscb	16	0	0	0	0	0.07	0	
full2	PGCD-PT-D02N006	RF	lp	16	1	1	0	0	0.01	0	
full2	PhaseVariation-PT-D02CS010	RC	hscb	16	4	4	0	0	0.08	0	
full2	PhaseVariation-PT-D02CS010	RC	lp	16	6	6	0	0	0.01	0	
full2	PhaseVariation-PT-D02CS010	RF	hscb	16	0	0	0	0	0.07	0	
full2	PhaseVariation-PT-D02CS010	RF	lp	16	0	0	0	0	0.01	0	
full2	PhilosophersDyn-PT-03	RC	hscb	16	1	1	0	0	0.07	0	
full2	PhilosophersDyn-PT-03	RC	lp	16	2	2	0	0	0.01	0	
full2	PhilosophersDyn-PT-03	RF	hscb	16	0	0	0	0	0.06	0	
full2	PhilosophersDyn-PT-03	RF	lp	16	2	2	0	0	0.01	0	
full2	PhilosophersDyn-PT-10	RC	hscb	16	1	1	0	0	48.18	0	
full2	PhilosophersDyn-PT-10	RC	lp	16	10	10	0	0	0.17	0	
full2	PhilosophersDyn-PT-10	RF	hscb	16	0	0	0	0	36.33	0	
full2	PhilosophersDyn-PT-10	RF	lp	16	3	3	0	0	0.21	0	
full2	Philosophers-PT-000005	RC	hscb	16	16	16	0	0	0.11	0	
full2	Philosophers-PT-000005	RC	lp	16	2	2	0	0	0.01	0	
full2	Philosophers-PT-000005	RF	hscb	16	16	16	0	0	0.1	0	
full2	Philosophers-PT-000005	RF	lp	16	0	0	0	0	0.01	0	
full2	Philosophers-PT-000010	RC	hscb	16	16	16	0	0	1.23	0	
full2	Philosophers-PT-000010	RC	lp	16	11	11	0	0	0.01	0	
full2	Philosophers-PT-000010	RF	hscb	16	16	16	0	0	0.82	0	
full2	Philosophers-PT-000010	RF	lp	16	1	1	0	0	0.01	0	
full2	PolyORBLF-PT-S02J04T06	RC	hscb	16	0	0	0	0	4.15	0	
full2	PolyORBLF-PT-S02J04T06	RC	lp	16	10	10	0	0	6.18	0	
full2	PolyORBLF-PT-S02J04T06	RF	hscb	16	0	0	0	0	2.4	0	
full2	PolyORBLF-PT-S02J04T06	RF	lp	16	1	1	0	0	0.93	0	
full2	QuasiCertifProtocol-PT-02	RC	hscb	16	0	0	0	0	0.1	0	
full2	QuasiCertifProtocol-PT-02	RC	lp	16	4	4	0	0	0.01	0	
full2	QuasiCertifProtocol-PT-02	RF	hscb	16	0	0	0	0	0.1	0	
full2	QuasiCertifProtocol-PT-02	RF	lp	16	2	2	0	0	0.01	0	
full2	QuasiCertifProtocol-PT-06	RC	hscb	16	1	1	0	0	4.43	0	
full2	QuasiCertifProtocol-PT-06	RC	lp	16	8	8	0	0	0.01	0	
full2	QuasiCertifProtocol-PT-06	RF	hscb	16	0	0	0	0	9.18	0	
full2	QuasiCertifProtocol-PT-06	RF	lp	16	0	0	0	0	0.01	0	
full2	Raft-PT-02	RC	hscb	16	16	16	0	0	0.08	0	
full2	Raft-PT-02	RC	lp	16	8	8	0	0	0.01	0	
full2	Raft-PT-02	RF	hscb	16	16	16	0	0	0.14	0	
full2	Raft-PT-02	RF	lp	16	2	2	0	0	0.01	0	
full2	Raft-PT-03	RC	hscb	16	16	16	0	0	4.33	0	
full2	Raft-PT-03	RC	lp	16	6	6	0	0	0.01	0	
full2	Raft-PT-03	RF	hscb	16	15	15	0	0	11.58	0	
full2	Raft-PT-03	RF	lp	16	2	2	0	0	0.01	0	
full2	Railroad-PT-005	RC	hscb	16	16	16	0	0	0.16	0	
full2	Railroad-PT-005	RC	lp	16	2	2	0	0	0.01	0	
full2	Railroad-PT-005	RF	hscb	16	16	16	0	0	0.31	0	
full2	Railroad-PT-005	RF	lp	16	0	0	0	0	0.01	0	
full2	Railroad-PT-010	RC	hscb	16	15	15	0	0	5.78	0	
full2	Railroad-PT-010	RC	lp	16	13	13	0	0	0.01	0	
full2	Railroad-PT-010	RF	hscb	16	4	4	0	0	26.92	0	
full2	Railroad-PT-010	RF	lp	16	1	1	0	0	0.01	0	
full2	Referendum-PT-0010	RC	hscb	16	15	15	0	0	0.17	0	
full2	Referendum-PT-0010	RC	lp	16	8	8	0	0	0.01	0	
full2	Referendum-PT-0010	RF	hscb	16	16	16	0	0	0.07	0	
full2	Referendum-PT-0010	RF	lp	16	2	2	0	0	0.01	0	
full2	Referendum-PT-0015	RC	hscb	16	16	16	0	0	0.88	0	
full2	Referendum-PT-0015	RC	lp	16	10	10	0	0	0.01	0	
full2	Referendum-PT-0015	RF	hscb	16	16	16	0	0	0.15	0	
full2	Referendum-PT-0015	RF	lp	16	6	6	0	0	0.01	0	
full2	RefineWMG-PT-002002	RC	hscb	16	16	16	0	0	0.13	0	
full2	RefineWMG-PT-002002	RC	lp	16	11	11	0	0	0.01	0	
full2	RefineWMG-PT-002002	RF	hscb	16	16	16	0	0	0.15	0	
full2	RefineWMG-PT-002002	RF	lp	16	1	1	0	0	0.01	0	
full2	RefineWMG-PT-002003	RC	hscb	16	14	14	0	0	0.18	0	
full2	RefineWMG-PT-002003	RC	lp	16	10	10	0	0	0.01	0	
full2	RefineWMG-PT-002003	RF	hscb	16	15	15	0	0	0.19	0	
full2	RefineWMG-PT-002003	RF	lp	16	1	1	0	0	0.01	0	
full2	RERS2020-PT-pb101	RC	hscb	16	0	0	0	0	36.48	1	
full2	RERS2020-PT-pb101	RC	lp	16	1	1	0	0	52.21	0	
full2	RERS2020-PT-pb101	RF	hscb	16	0	0	0	0	36.97	1	
full2	RERS2020-PT-pb101	RF	lp	16	0	0	0	0	46.46	0	
full2	RERS2020-PT-pb102	RC	hscb	16	0	0	0	0	39.44	1	
full2	RERS2020-PT-pb102	RC	lp	16	0	0	0	0	37.7	0	
full2	RERS2020-PT-pb102	RF	hscb	16	0	0	0	0	40.87	1	
full2	RERS2020-PT-pb102	RF	lp	16	0	0	0	0	48.1	0	
full2	RERS2020-PT-pb103	RC	hscb	16	3	3	0	0	41.89	0	
full2	RERS2020-PT-pb103	RC	lp	16	2	2	0	0	6.48	0	
full2	RERS2020-PT-pb103	RF	hscb	16	5	5	0	0	34.68	0	
full2	RERS2020-PT-pb103	RF	lp	16	0	0	0	0	23.49	0	
full2	ResAllocation-PT-R002C002	RC	hscb	16	16	16	0	0	0.07	0	
full2	ResAllocation-PT-R002C002	RC	lp	16	2	2	0	0	0.01	0	
full2	ResAllocation-PT-R002C002	RF	hscb	16	16	16	0	0	0.06	0	
full2	ResAllocation-PT-R002C002	RF	lp	16	0	0	0	0	0.01	0	
full2	ResAllocation-PT-R003C002	RC	hscb	16	15	15	0	0	0.07	0	
full2	ResAllocation-PT-R003C002	RC	lp	16	2	2	0	0	0.01	0	
full2	ResAllocation-PT-R003C002	RF	hscb	16	16	16	0	0	0.07	0	
full2	ResAllocation-PT-R003C002	RF	lp	16	0	0	0	0	0.01	0	
full2	ResAllocation-PT-R003C003	RC	hscb	16	16	16	0	0	0.07	0	
full2	ResAllocation-PT-R003C003	RC	lp	16	1	1	0	0	0.01	0	
full2	ResAllocation-PT-R003C003	RF	hscb	16	16	16	0	0	0.07	0	
full2	ResAllocation-PT-R003C003	RF	lp	16	0	0	0	0	0.01	0	
full2	ResAllocation-PT-R003C005	RC	hscb	16	16	16	0	0	0.09	0	
full2	ResAllocation-PT-R003C005	RC	lp	16	1	1	0	0	0.01	0	
full2	ResAllocation-PT-R003C005	RF	hscb	16	16	16	0	0	0.08	0	
full2	ResAllocation-PT-R003C005	RF	lp	16	0	0	0	0	0.01	0	
full2	ResAllocation-PT-R003C010	RC	hscb	16	14	14	0	0	0.72	0	
full2	ResAllocation-PT-R003C010	RC	lp	16	9	9	0	0	0.01	0	
full2	ResAllocation-PT-R003C010	RF	hscb	16	16	16	0	0	0.75	0	
full2	ResAllocation-PT-R003C010	RF	lp	16	2	2	0	0	0.01	0	
full2	ResAllocation-PT-R003C015	RC	hscb	16	13	13	0	0	9.87	0	
full2	ResAllocation-PT-R003C015	RC	lp	16	4	4	0	0	0.01	0	
full2	ResAllocation-PT-R003C015	RF	hscb	16	13	13	0	0	8.04	0	
full2	ResAllocation-PT-R003C015	RF	lp	16	1	1	0	0	0.01	0	
full2	ResAllocation-PT-R005C002	RC	hscb	16	15	15	0	0	0.06	0	
full2	ResAllocation-PT-R005C002	RC	lp	16	0	0	0	0	0.01	0	
full2	ResAllocation-PT-R005C002	RF	hscb	16	16	16	0	0	0.07	0	
full2	ResAllocation-PT-R005C002	RF	lp	16	0	0	0	0	0.01	0	
full2	ResAllocation-PT-R010C002	RC	hscb	16	15	15	0	0	0.09	0	
full2	ResAllocation-PT-R010C002	RC	lp	16	10	10	0	0	0.01	0	
full2	ResAllocation-PT-R010C002	RF	hscb	16	16	16	0	0	0.09	0	
full2	ResAllocation-PT-R010C002	RF	lp	16	0	0	0	0	0.01	0	
full2	ResAllocation-PT-R015C002	RC	hscb	16	16	16	0	0	0.57	0	
full2	ResAllocation-PT-R015C002	RC	lp	16	11	11	0	0	0.01	0	
full2	ResAllocation-PT-R015C002	RF	hscb	16	16	16	0	0	2.01	0	
full2	ResAllocation-PT-R015C002	RF	lp	16	1	1	0	0	0.01	0	
full2	ResAllocation-PT-R020C002	RC	hscb	16	14	14	0	0	6.59	0	
full2	ResAllocation-PT-R020C002	RC	lp	16	3	3	0	0	0.01	0	
full2	ResAllocation-PT-R020C002	RF	hscb	16	16	16	0	0	4.35	0	
full2	ResAllocation-PT-R020C002	RF	lp	16	0	0	0	0	0.01	0	
full2	RingSingleMessageInMbox-PT-d0m005	RC	hscb	16	7	7	0	0	0.11	0	
full2	RingSingleMessageInMbox-PT-d0m005	RC	lp	16	13	13	0	0	0.01	0	
full2	RingSingleMessageInMbox-PT-d0m005	RF	hscb	16	0	0	0	0	0.1	0	
full2	RingSingleMessageInMbox-PT-d0m005	RF	lp	16	8	8	0	0	0.02	0	
full2	RingSingleMessageInMbox-PT-d0m010	RC	hscb	16	6	6	0	0	0.1	0	
full2	RingSingleMessageInMbox-PT-d0m010	RC	lp	16	9	9	0	0	0.01	0	
full2	RingSingleMessageInMbox-PT-d0m010	RF	hscb	16	0	0	0	0	0.1	0	
full2	RingSingleMessageInMbox-PT-d0m010	RF	lp	16	4	4	0	0	0.01	0	
full2	RingSingleMessageInMbox-PT-d0m020	RC	hscb	16	10	10	0	0	0.09	0	
full2	RingSingleMessageInMbox-PT-d0m020	RC	lp	16	14	14	0	0	0.0	0	
full2	RingSingleMessageInMbox-PT-d0m020	RF	hscb	16	0	0	0	0	0.1	0	
full2	RingSingleMessageInMbox-PT-d0m020	RF	lp	16	6	6	0	0	0.01	0	
full2	RingSingleMessageInMbox-PT-d0m040	RC	hscb	16	5	5	0	0	0.1	0	
full2	RingSingleMessageInMbox-PT-d0m040	RC	lp	16	13	13	0	0	0.0	0	
full2	RingSingleMessageInMbox-PT-d0m040	RF	hscb	16	0	0	0	0	0.09	0	
full2	RingSingleMessageInMbox-PT-d0m040	RF	lp	16	5	5	0	0	0.01	0	
full2	RingSingleMessageInMbox-PT-d0m080	RC	hscb	16	11	11	0	0	0.09	0	
full2	RingSingleMessageInMbox-PT-d0m080	RC	lp	16	15	15	0	0	0.0	0	
full2	RingSingleMessageInMbox-PT-d0m080	RF	hscb	16	0	0	0	0	0.09	0	
full2	RingSingleMessageInMbox-PT-d0m080	RF	lp	16	1	1	0	0	0.01	0	
full2	RingSingleMessageInMbox-PT-d1m005	RC	hscb	16	6	6	0	0	16.1	0	
full2	RingSingleMessageInMbox-PT-d1m005	RC	lp	16	11	11	0	0	0.29	0	
full2	RingSingleMessageInMbox-PT-d1m005	RF	hscb	16	0	0	0	0	13.7	0	
full2	RingSingleMessageInMbox-PT-d1m005	RF	lp	16	1	1	0	0	2.27	0	
full2	RobotManipulation-PT-00001	RC	hscb	16	1	1	0	0	0.07	0	
full2	RobotManipulation-PT-00001	RC	lp	16	1	1	0	0	0.01	0	
full2	RobotManipulation-PT-00001	RF	hscb	16	0	0	0	0	0.07	0	
full2	RobotManipulation-PT-00001	RF	lp	16	0	0	0	0	0.01	0	
full2	RobotManipulation-PT-00002	RC	hscb	16	1	1	0	0	0.07	0	
full2	RobotManipulation-PT-00002	RC	lp	16	4	4	0	0	0.01	0	
full2	RobotManipulation-PT-00002	RF	hscb	16	0	0	0	0	0.07	0	
full2	RobotManipulation-PT-00002	RF	lp	16	0	0	0	0	0.01	0	
full2	RobotManipulation-PT-00005	RC	hscb	16	0	0	0	0	0.75	0	
full2	RobotManipulation-PT-00005	RC	lp	16	4	4	0	0	0.01	0	
full2	RobotManipulation-PT-00005	RF	hscb	16	0	0	0	0	0.08	0	
full2	RobotManipulation-PT-00005	RF	lp	16	2	2	0	0	0.01	0	
full2	RobotManipulation-PT-00010	RC	hscb	16	0	0	0	0	4.29	0	
full2	RobotManipulation-PT-00010	RC	lp	16	4	4	0	0	0.01	0	
full2	RobotManipulation-PT-00010	RF	hscb	16	1	1	0	0	0.23	0	
full2	RobotManipulation-PT-00010	RF	lp	16	4	4	0	0	0.01	0	
full2	RwMutex-PT-r0010w0010	RC	hscb	16	16	16	0	0	0.13	0	
full2	RwMutex-PT-r0010w0010	RC	lp	16	1	1	0	0	0.01	0	
full2	RwMutex-PT-r0010w0010	RF	hscb	16	16	16	0	0	0.13	0	
full2	RwMutex-PT-r0010w0010	RF	lp	16	0	0	0	0	0.01	0	
full2	RwMutex-PT-r0010w0020	RC	hscb	16	16	16	0	0	0.27	0	
full2	RwMutex-PT-r0010w0020	RC	lp	16	2	2	0	0	0.01	0	
full2	RwMutex-PT-r0010w0020	RF	hscb	16	16	16	0	0	0.84	0	
full2	RwMutex-PT-r0010w0020	RF	lp	16	0	0	0	0	0.01	0	
full2	RwMutex-PT-r0010w0050	RC	hscb	16	16	16	0	0	1.41	0	
full2	RwMutex-PT-r0010w0050	RC	lp	16	1	1	0	0	0.01	0	
full2	RwMutex-PT-r0010w0050	RF	hscb	16	16	16	0	0	6.57	0	
full2	RwMutex-PT-r0010w0050	RF	lp	16	0	0	0	0	0.01	0	
full2	RwMutex-PT-r0010w0100	RC	hscb	16	16	16	0	0	3.68	0	
full2	RwMutex-PT-r0010w0100	RC	lp	16	3	3	0	0	0.02	0	
full2	RwMutex-PT-r0010w0100	RF	hscb	16	13	13	0	0	13.32	0	
full2	RwMutex-PT-r0010w0100	RF	lp	16	1	1	0	0	0.01	0	
full2	RwMutex-PT-r0010w0500	RC	hscb	16	15	15	0	0	22.37	0	
full2	RwMutex-PT-r0010w0500	RC	lp	16	3	3	0	0	0.42	0	
full2	RwMutex-PT-r0010w0500	RF	hscb	16	8	8	0	0	42.31	0	
full2	RwMutex-PT-r0010w0500	RF	lp	16	0	0	0	0	0.02	0	
full2	RwMutex-PT-r0010w1000	RC	hscb	16	0	0	0	0	60.16	124	
full2	RwMutex-PT-r0010w1000	RC	lp	16	12	12	0	0	1.98	0	
full2	RwMutex-PT-r0010w1000	RF	hscb	16	0	0	0	0	60.16	124	
full2	RwMutex-PT-r0010w1000	RF	lp	16	3	3	0	0	0.3	0	
full2	RwMutex-PT-r0010w2000	RC	hscb	16	9	9	0	0	60.12	124	
full2	RwMutex-PT-r0010w2000	RC	lp	16	11	11	0	0	7.74	0	
full2	RwMutex-PT-r0010w2000	RF	hscb	16	2	2	0	0	60.11	124	
full2	RwMutex-PT-r0010w2000	RF	lp	16	3	3	0	0	2.36	0	
full2	RwMutex-PT-r0020w0010	RC	hscb	16	15	15	0	0	0.24	0	
full2	RwMutex-PT-r0020w0010	RC	lp	16	9	9	0	0	0.01	0	
full2	RwMutex-PT-r0020w0010	RF	hscb	16	16	16	0	0	0.84	0	
full2	RwMutex-PT-r0020w0010	RF	lp	16	1	1	0	0	0.01	0	
full2	SafeBus-PT-03	RC	hscb	16	16	16	0	0	0.11	0	
full2	SafeBus-PT-03	RC	lp	16	14	14	0	0	0.01	0	
full2	SafeBus-PT-03	RF	hscb	16	16	16	0	0	0.34	0	
full2	SafeBus-PT-03	RF	lp	16	4	4	0	0	0.01	0	
full2	SafeBus-PT-06	RC	hscb	16	13	13	0	0	50.21	0	
full2	SafeBus-PT-06	RC	lp	16	9	9	0	0	0.02	0	
full2	SafeBus-PT-06	RF	hscb	16	6	6	0	0	60.06	124	
full2	SafeBus-PT-06	RF	lp	16	1	1	0	0	0.02	0	
full2	SatelliteMemory-PT-X00100Y0003	RC	hscb	16	9	9	0	0	5.02	0	
full2	SatelliteMemory-PT-X00100Y0003	RC	lp	16	9	9	0	0	0.01	0	
full2	SatelliteMemory-PT-X00100Y0003	RF	hscb	16	8	8	0	0	0.73	0	
full2	SatelliteMemory-PT-X00100Y0003	RF	lp	16	3	3	0	0	0.01	0	
full2	SatelliteMemory-PT-X01000Y0032	RC	hscb	16	7	7	0	0	32.75	0	
full2	SatelliteMemory-PT-X01000Y0032	RC	lp	16	6	6	0	0	0.01	0	
full2	SatelliteMemory-PT-X01000Y0032	RF	hscb	16	8	8	0	0	13.16	0	
full2	SatelliteMemory-PT-X01000Y0032	RF	lp	16	5	5	0	0	0.01	0	
full2	SatelliteMemory-PT-X01500Y0046	RC	hscb	16	6	6	0	0	32.58	0	
full2	SatelliteMemory-PT-X01500Y0046	RC	lp	16	8	8	0	0	0.01	0	
full2	SatelliteMemory-PT-X01500Y0046	RF	hscb	16	5	5	0	0	21.95	0	
full2	SatelliteMemory-PT-X01500Y0046	RF	lp	16	1	1	0	0	0.01	0	
full2	ServersAndClients-PT-100020	RC	hscb	16	0	0	0	0	60.2	124	
full2	ServersAndClients-PT-100020	RC	lp	16	7	7	0	0	0.11	0	
full2	ServersAndClients-PT-100020	RF	hscb	16	0	0	0	0	60.19	124	
full2	ServersAndClients-PT-100020	RF	lp	16	3	3	0	0	1.01	0	
full2	ServersAndClients-PT-100040	RC	hscb	16	0	0	0	0	58.81	1	
full2	ServersAndClients-PT-100040	RC	lp	16	7	7	0	0	0.61	0	
full2	ServersAndClients-PT-100040	RF	hscb	16	0	0	0	0	58.57	1	
full2	ServersAndClients-PT-100040	RF	lp	16	5	5	0	0	11.66	0	
full2	ServersAndClients-PT-100080	RC	hscb	16	0	0	0	0	39.92	1	
full2	ServersAndClients-PT-100080	RC	lp	16	3	3	0	0	6.44	0	
full2	ServersAndClients-PT-100080	RF	hscb	16	0	0	0	0	40.1	1	
full2	ServersAndClients-PT-100080	RF	lp	16	1	1	0	0	22.36	0	
full2	ServersAndClients-PT-100160	RC	hscb	16	0	0	0	0	51.67	1	
full2	ServersAndClients-PT-100160	RC	lp	16	5	5	0	0	3.72	0	
full2	ServersAndClients-PT-100160	RF	hscb	16	0	0	0	0	51.7	1	
full2	ServersAndClients-PT-100160	RF	lp	16	2	2	0	0	14.32	0	
full2	ServersAndClients-PT-100320	RC	hscb	16	0	0	0	0	60.2	124	
full2	ServersAndClients-PT-100320	RC	lp	16	6	6	0	0	16.64	0	
full2	ServersAndClients-PT-100320	RF	hscb	16	0	0	0	0	60.2	124	
full2	ServersAndClients-PT-100320	RF	lp	16	3	3	0	0	27.86	0	
full2	ServersAndClients-PT-200040	RC	hscb	16	0	0	0	0	42.96	1	
full2	ServersAndClients-PT-200040	RC	lp	16	5	5	0	0	1.18	0	
full2	ServersAndClients-PT-200040	RF	hscb	16	0	0	0	0	42.6	1	
full2	ServersAndClients-PT-200040	RF	lp	16	1	1	0	0	10.4	0	
full2	ServersAndClients-PT-200080	RC	hscb	16	0	0	0	0	53.68	1	
full2	ServersAndClients-PT-200080	RC	lp	16	5	5	0	0	14.95	0	
full2	ServersAndClients-PT-200080	RF	hscb	16	0	0	0	0	52.94	1	
full2	ServersAndClients-PT-200080	RF	lp	16	4	4	0	0	16.1	0	
full2	ServersAndClients-PT-200160	RC	hscb	16	0	0	0	0	60.19	124	
full2	ServersAndClients-PT-200160	RC	lp	16	3	3	0	0	14.68	0	
full2	ServersAndClients-PT-200160	RF	hscb	16	0	0	0	0	60.19	124	
full2	ServersAndClients-PT-200160	RF	lp	16	1	1	0	0	8.26	0	
full2	ServersAndClients-PT-200320	RC	hscb	16	0	0	0	0	60.19	124	
full2	ServersAndClients-PT-200320	RC	lp	16	1	1	0	0	21.34	0	
full2	ServersAndClients-PT-200320	RF	hscb	16	0	0	0	0	60.19	124	
full2	ServersAndClients-PT-200320	RF	lp	16	1	1	0	0	26.16	0	
full2	ServersAndClients-PT-400080	RC	hscb	16	0	0	0	0	60.19	124	
full2	ServersAndClients-PT-400080	RC	lp	16	4	4	0	0	17.78	0	
full2	ServersAndClients-PT-400080	RF	hscb	16	0	0	0	0	60.18	124	
full2	ServersAndClients-PT-400080	RF	lp	16	1	1	0	0	19.46	0	
full2	ServersAndClients-PT-400160	RC	hscb	16	0	0	0	0	60.21	124	
full2	ServersAndClients-PT-400160	RC	lp	16	2	2	0	0	43.76	0	
full2	ServersAndClients-PT-400160	RF	hscb	16	0	0	0	0	60.22	124	
full2	ServersAndClients-PT-400160	RF	lp	16	1	1	0	0	31.72	0	
full2	SharedMemory-PT-000005	RC	hscb	16	16	16	0	0	0.19	0	
full2	SharedMemory-PT-000005	RC	lp	16	6	6	0	0	0.01	0	
full2	SharedMemory-PT-000005	RF	hscb	16	16	16	0	0	0.29	0	
full2	SharedMemory-PT-000005	RF	lp	16	0	0	0	0	0.01	0	
full2	SharedMemory-PT-000010	RC	hscb	16	15	15	0	0	6.65	0	
full2	SharedMemory-PT-000010	RC	lp	16	10	10	0	0	0.03	0	
full2	SharedMemory-PT-000010	RF	hscb	16	12	12	0	0	26.82	0	
full2	SharedMemory-PT-000010	RF	lp	16	3	3	0	0	0.02	0	
full2	ShieldIIPs-PT-001A	RC	hscb	16	16	16	0	0	0.11	0	
full2	ShieldIIPs-PT-001A	RC	lp	16	6	6	0	0	0.01	0	
full2	ShieldIIPs-PT-001A	RF	hscb	16	16	16	0	0	0.26	0	
full2	ShieldIIPs-PT-001A	RF	lp	16	3	3	0	0	0.01	0	
full2	ShieldIIPs-PT-001B	RC	hscb	16	11	11	0	0	11.95	0	
full2	ShieldIIPs-PT-001B	RC	lp	16	4	4	0	0	0.01	0	
full2	ShieldIIPs-PT-001B	RF	hscb	16	11	11	0	0	15.72	0	
full2	ShieldIIPs-PT-001B	RF	lp	16	3	3	0	0	0.01	0	
full2	ShieldIIPs-PT-002A	RC	hscb	16	11	11	0	0	12.15	0	
full2	ShieldIIPs-PT-002A	RC	lp	16	7	7	0	0	0.01	0	
full2	ShieldIIPs-PT-002A	RF	hscb	16	6	6	0	0	25.28	0	
full2	ShieldIIPs-PT-002A	RF	lp	16	1	1	0	0	0.01	0	
full2	ShieldIIPt-PT-001A	RC	hscb	16	16	16	0	0	0.11	0	
full2	ShieldIIPt-PT-001A	RC	lp	16	0	0	0	0	0.01	0	
full2	ShieldIIPt-PT-001A	RF	hscb	16	16	16	0	0	0.1	0	
full2	ShieldIIPt-PT-001A	RF	lp	16	1	1	0	0	0.01	0	
full2	ShieldIIPt-PT-001B	RC	hscb	16	9	9	0	0	20.27	0	
full2	ShieldIIPt-PT-001B	RC	lp	16	0	0	0	0	0.01	0	
full2	ShieldIIPt-PT-001B	RF	hscb	16	7	7	0	0	22.97	0	
full2	ShieldIIPt-PT-001B	RF	lp	16	0	0	0	0	0.01	0	
full2	ShieldIIPt-PT-002A	RC	hscb	16	16	16	0	0	2.41	0	
full2	ShieldIIPt-PT-002A	RC	lp	16	7	7	0	0	0.01	0	
full2	ShieldIIPt-PT-002A	RF	hscb	16	16	16	0	0	1.7	0	
full2	ShieldIIPt-PT-002A	RF	lp	16	2	2	0	0	0.01	0	
full2	ShieldIIPt-PT-003A	RC	hscb	16	13	13	0	0	11.99	0	
full2	ShieldIIPt-PT-003A	RC	lp	16	3	3	0	0	0.01	0	
full2	ShieldIIPt-PT-003A	RF	hscb	16	12	12	0	0	10.0	0	
full2	ShieldIIPt-PT-003A	RF	lp	16	0	0	0	0	0.01	0	
full2	ShieldPPPs-PT-001A	RC	hscb	16	15	15	0	0	0.11	0	
full2	ShieldPPPs-PT-001A	RC	lp	16	9	9	0	0	0.01	0	
full2	ShieldPPPs-PT-001A	RF	hscb	16	16	16	0	0	0.12	0	
full2	ShieldPPPs-PT-001A	RF	lp	16	5	5	0	0	0.01	0	
full2	ShieldPPPs-PT-001B	RC	hscb	16	12	12	0	0	14.55	0	
full2	ShieldPPPs-PT-001B	RC	lp	16	5	5	0	0	0.01	0	
full2	ShieldPPPs-PT-001B	RF	hscb	16	4	4	0	0	24.58	0	
full2	ShieldPPPs-PT-001B	RF	lp	16	2	2	0	0	0.01	0	
full2	ShieldPPPt-PT-001A	RC	hscb	16	15	15	0	0	0.09	0	
full2	ShieldPPPt-PT-001A	RC	lp	16	9	9	0	0	0.01	0	
full2	ShieldPPPt-PT-001A	RF	hscb	16	16	16	0	0	0.09	0	
full2	ShieldPPPt-PT-001A	RF	lp	16	0	0	0	0	0.01	0	
full2	ShieldPPPt-PT-001B	RC	hscb	16	9	9	0	0	19.09	0	
full2	ShieldPPPt-PT-001B	RC	lp	16	5	5	0	0	0.01	0	
full2	ShieldPPPt-PT-001B	RF	hscb	16	6	6	0	0	27.7	0	
full2	ShieldPPPt-PT-001B	RF	lp	16	1	1	0	0	0.01	0	
full2	ShieldPPPt-PT-002A	RC	hscb	16	15	15	0	0	5.49	0	
full2	ShieldPPPt-PT-002A	RC	lp	16	6	6	0	0	0.01	0	
full2	ShieldPPPt-PT-002A	RF	hscb	16	13	13	0	0	8.43	0	
full2	ShieldPPPt-PT-002A	RF	lp	16	0	0	0	0	0.01	0	
full2	ShieldRVs-PT-001A	RC	hscb	16	16	16	0	0	0.07	0	
full2	ShieldRVs-PT-001A	RC	lp	16	2	2	0	0	0.01	0	
full2	ShieldRVs-PT-001A	RF	hscb	16	16	16	0	0	0.07	0	
full2	ShieldRVs-PT-001A	RF	lp	16	1	1	0	0	0.01	0	
full2	ShieldRVs-PT-001B	RC	hscb	16	16	16	0	0	0.14	0	
full2	ShieldRVs-PT-001B	RC	lp	16	9	9	0	0	0.01	0	
full2	ShieldRVs-PT-001B	RF	hscb	16	16	16	0	0	0.24	0	
full2	ShieldRVs-PT-001B	RF	lp	16	4	4	0	0	0.01	0	
full2	ShieldRVs-PT-002A	RC	hscb	16	16	16	0	0	0.24	0	
full2	ShieldRVs-PT-002A	RC	lp	16	7	7	0	0	0.01	0	
full2	ShieldRVs-PT-002A	RF	hscb	16	16	16	0	0	0.43	0	
full2	ShieldRVs-PT-002A	RF	lp	16	2	2	0	0	0.01	0	
full2	ShieldRVs-PT-002B	RC	hscb	16	12	12	0	0	11.93	0	
full2	ShieldRVs-PT-002B	RC	lp	16	9	9	0	0	0.02	0	
full2	ShieldRVs-PT-002B	RF	hscb	16	5	5	0	0	25.09	0	
full2	ShieldRVs-PT-002B	RF	lp	16	1	1	0	0	0.01	0	
full2	ShieldRVs-PT-003A	RC	hscb	16	15	15	0	0	2.26	0	
full2	ShieldRVs-PT-003A	RC	lp	16	10	10	0	0	0.01	0	
full2	ShieldRVs-PT-003A	RF	hscb	16	14	14	0	0	8.69	0	
full2	ShieldRVs-PT-003A	RF	lp	16	3	3	0	0	0.01	0	
full2	ShieldRVs-PT-004A	RC	hscb	16	14	14	0	0	7.41	0	
full2	ShieldRVs-PT-004A	RC	lp	16	5	5	0	0	0.01	0	
full2	ShieldRVs-PT-004A	RF	hscb	16	7	7	0	0	20.27	0	
full2	ShieldRVs-PT-004A	RF	lp	16	1	1	0	0	0.02	0	
full2	ShieldRVt-PT-001A	RC	hscb	16	16	16	0	0	0.07	0	
full2	ShieldRVt-PT-001A	RC	lp	16	3	3	0	0	0.01	0	
full2	ShieldRVt-PT-001A	RF	hscb	16	16	16	0	0	0.07	0	
full2	ShieldRVt-PT-001A	RF	lp	16	2	2	0	0	0.01	0	
full2	ShieldRVt-PT-001B	RC	hscb	16	16	16	0	0	0.29	0	
full2	ShieldRVt-PT-001B	RC	lp	16	6	6	0	0	0.01	0	
full2	ShieldRVt-PT-001B	RF	hscb	16	16	16	0	0	0.43	0	
full2	ShieldRVt-PT-001B	RF	lp	16	5	5	0	0	0.01	0	
full2	ShieldRVt-PT-002A	RC	hscb	16	16	16	0	0	0.09	0	
full2	ShieldRVt-PT-002A	RC	lp	16	1	1	0	0	0.01	0	
full2	ShieldRVt-PT-002A	RF	hscb	16	16	16	0	0	0.08	0	
full2	ShieldRVt-PT-002A	RF	lp	16	0	0	0	0	0.01	0	
full2	ShieldRVt-PT-002B	RC	hscb	16	7	7	0	0	20.29	0	
full2	ShieldRVt-PT-002B	RC	lp	16	5	5	0	0	0.02	0	
full2	ShieldRVt-PT-002B	RF	hscb	16	6	6	0	0	23.62	0	
full2	ShieldRVt-PT-002B	RF	lp	16	3	3	0	0	0.01	0	
full2	ShieldRVt-PT-003A	RC	hscb	16	15	15	0	0	0.1	0	
full2	ShieldRVt-PT-003A	RC	lp	16	10	10	0	0	0.01	0	
full2	ShieldRVt-PT-003A	RF	hscb	16	16	16	0	0	0.12	0	
full2	ShieldRVt-PT-003A	RF	lp	16	1	1	0	0	0.01	0	
full2	ShieldRVt-PT-004A	RC	hscb	16	16	16	0	0	0.18	0	
full2	ShieldRVt-PT-004A	RC	lp	16	6	6	0	0	0.01	0	
full2	ShieldRVt-PT-004A	RF	hscb	16	16	16	0	0	0.22	0	
full2	ShieldRVt-PT-004A	RF	lp	16	2	2	0	0	0.01	0	
full2	ShieldRVt-PT-005A	RC	hscb	16	14	14	0	0	4.58	0	
full2	ShieldRVt-PT-005A	RC	lp	16	6	6	0	0	0.01	0	
full2	ShieldRVt-PT-005A	RF	hscb	16	16	16	0	0	4.23	0	
full2	ShieldRVt-PT-005A	RF	lp	16	0	0	0	0	0.01	0	
full2	SieveSingleMsgMbox-PT-d0m04	RC	hscb	16	4	4	0	0	0.1	0	
full2	SieveSingleMsgMbox-PT-d0m04	RC	lp	16	6	6	0	0	0.01	0	
full2	SieveSingleMsgMbox-PT-d0m04	RF	hscb	16	0	0	0	0	0.09	0	
full2	SieveSingleMsgMbox-PT-d0m04	RF	lp	16	1	1	0	0	0.02	0	
full2	SieveSingleMsgMbox-PT-d0m06	RC	hscb	16	5	5	0	0	0.08	0	
full2	SieveSingleMsgMbox-PT-d0m06	RC	lp	16	15	15	0	0	0.01	0	
full2	SieveSingleMsgMbox-PT-d0m06	RF	hscb	16	0	0	0	0	0.09	0	
full2	SieveSingleMsgMbox-PT-d0m06	RF	lp	16	5	5	0	0	0.01	0	
full2	SieveSingleMsgMbox-PT-d0m18	RC	hscb	16	7	7	0	0	0.09	0	
full2	SieveSingleMsgMbox-PT-d0m18	RC	lp	16	11	11	0	0	0.01	0	
full2	SieveSingleMsgMbox-PT-d0m18	RF	hscb	16	0	0	0	0	0.08	0	
full2	SieveSingleMsgMbox-PT-d0m18	RF	lp	16	2	2	0	0	0.02	0	
full2	SieveSingleMsgMbox-PT-d1m04	RC	hscb	16	7	7	0	0	3.22	0	
full2	SieveSingleMsgMbox-PT-d1m04	RC	lp	16	12	12	0	0	0.01	0	
full2	SieveSingleMsgMbox-PT-d1m04	RF	hscb	16	0	0	0	0	0.39	0	
full2	SieveSingleMsgMbox-PT-d1m04	RF	lp	16	3	3	0	0	0.09	0	
full2	SieveSingleMsgMbox-PT-d1m06	RC	hscb	16	9	9	0	0	3.0	0	
full2	SieveSingleMsgMbox-PT-d1m06	RC	lp	16	15	15	0	0	0.01	0	
full2	SieveSingleMsgMbox-PT-d1m06	RF	hscb	16	0	0	0	0	0.75	0	
full2	SieveSingleMsgMbox-PT-d1m06	RF	lp	16	4	4	0	0	0.13	0	
full2	SieveSingleMsgMbox-PT-d2m04	RC	hscb	16	8	8	0	0	14.68	0	
full2	SieveSingleMsgMbox-PT-d2m04	RC	lp	16	12	12	0	0	0.02	0	
full2	SieveSingleMsgMbox-PT-d2m04	RF	hscb	16	0	0	0	0	1.22	0	
full2	SieveSingleMsgMbox-PT-d2m04	RF	lp	16	1	1	0	0	0.36	0	
full2	SieveSingleMsgMbox-PT-d2m06	RC	hscb	16	9	9	0	0	9.42	0	
full2	SieveSingleMsgMbox-PT-d2m06	RC	lp	16	14	14	0	0	0.02	0	
full2	SieveSingleMsgMbox-PT-d2m06	RF	hscb	16	0	0	0	0	1.22	0	
full2	SieveSingleMsgMbox-PT-d2m06	RF	lp	16	1	1	0	0	0.06	0	
full2	SimpleLoadBal-PT-02	RC	hscb	16	16	16	0	0	0.14	0	
full2	SimpleLoadBal-PT-02	RC	lp	16	0	0	0	0	0.01	0	
full2	SimpleLoadBal-PT-02	RF	hscb	16	16	16	0	0	0.14	0	
full2	SimpleLoadBal-PT-02	RF	lp	16	0	0	0	0	0.01	0	
full2	SimpleLoadBal-PT-05	RC	hscb	16	12	12	0	0	11.42	0	
full2	SimpleLoadBal-PT-05	RC	lp	16	4	4	0	0	0.01	0	
full2	SimpleLoadBal-PT-05	RF	hscb	16	9	9	0	0	17.7	0	
full2	SimpleLoadBal-PT-05	RF	lp	16	3	3	0	0	0.01	0	
full2	SimpleLoadBal-PT-10	RC	hscb	16	6	6	0	0	56.53	0	
full2	SimpleLoadBal-PT-10	RC	lp	16	5	5	0	0	0.04	0	
full2	SimpleLoadBal-PT-10	RF	hscb	16	8	8	0	0	51.54	0	
full2	SimpleLoadBal-PT-10	RF	lp	16	4	4	0	0	0.02	0	
full2	SmallOperatingSystem-PT-MT0016DC0008	RC	hscb	16	0	0	0	0	0.07	0	
full2	SmallOperatingSystem-PT-MT0016DC0008	RC	lp	16	7	7	0	0	0.01	0	
full2	SmallOperatingSystem-PT-MT0016DC0008	RF	hscb	16	1	1	0	0	0.07	0	
full2	SmallOperatingSystem-PT-MT0016DC0008	RF	lp	16	1	1	0	0	0.01	0	
full2	SmallOperatingSystem-PT-MT0032DC0008	RC	hscb	16	1	1	0	0	0.08	0	
full2	SmallOperatingSystem-PT-MT0032DC0008	RC	lp	16	10	10	0	0	0.01	0	
full2	SmallOperatingSystem-PT-MT0032DC0008	RF	hscb	16	0	0	0	0	0.07	0	
full2	SmallOperatingSystem-PT-MT0032DC0008	RF	lp	16	2	2	0	0	0.01	0	
full2	SmallOperatingSystem-PT-MT0032DC0016	RC	hscb	16	0	0	0	0	0.09	0	
full2	SmallOperatingSystem-PT-MT0032DC0016	RC	lp	16	5	5	0	0	0.01	0	
full2	SmallOperatingSystem-PT-MT0032DC0016	RF	hscb	16	0	0	0	0	0.07	0	
full2	SmallOperatingSystem-PT-MT0032DC0016	RF	lp	16	4	4	0	0	0.01	0	
full2	SmallOperatingSystem-PT-MT0064DC0016	RC	hscb	16	1	1	0	0	0.14	0	
full2	SmallOperatingSystem-PT-MT0064DC0016	RC	lp	16	10	10	0	0	0.01	0	
full2	SmallOperatingSystem-PT-MT0064DC0016	RF	hscb	16	0	0	0	0	0.07	0	
full2	SmallOperatingSystem-PT-MT0064DC0016	RF	lp	16	3	3	0	0	0.01	0	
full2	SmallOperatingSystem-PT-MT0064DC0032	RC	hscb	16	0	0	0	0	0.17	0	
full2	SmallOperatingSystem-PT-MT0064DC0032	RC	lp	16	4	4	0	0	0.01	0	
full2	SmallOperatingSystem-PT-MT0064DC0032	RF	hscb	16	0	0	0	0	0.07	0	
full2	SmallOperatingSystem-PT-MT0064DC0032	RF	lp	16	1	1	0	0	0.01	0	
full2	SmallOperatingSystem-PT-MT0128DC0032	RC	hscb	16	1	1	0	0	0.08	0	
full2	SmallOperatingSystem-PT-MT0128DC0032	RC	lp	16	2	2	0	0	0.01	0	
full2	SmallOperatingSystem-PT-MT0128DC0032	RF	hscb	16	0	0	0	0	0.08	0	
full2	SmallOperatingSystem-PT-MT0128DC0032	RF	lp	16	1	1	0	0	0.01	0	
full2	SmallOperatingSystem-PT-MT0128DC0064	RC	hscb	16	0	0	0	0	0.17	0	
full2	SmallOperatingSystem-PT-MT0128DC0064	RC	lp	16	3	3	0	0	0.01	0	
full2	SmallOperatingSystem-PT-MT0128DC0064	RF	hscb	16	0	0	0	0	0.42	0	
full2	SmallOperatingSystem-PT-MT0128DC0064	RF	lp	16	2	2	0	0	0.01	0	
full2	SmartHome-PT-01	RC	hscb	16	15	15	0	0	0.09	0	
full2	SmartHome-PT-01	RC	lp	16	12	12	0	0	0.01	0	
full2	SmartHome-PT-01	RF	hscb	16	16	16	0	0	0.15	0	
full2	SmartHome-PT-01	RF	lp	16	1	1	0	0	0.01	0	
full2	SmartHome-PT-02	RC	hscb	16	16	16	0	0	0.09	0	
full2	SmartHome-PT-02	RC	lp	16	11	11	0	0	0.01	0	
full2	SmartHome-PT-02	RF	hscb	16	16	16	0	0	0.1	0	
full2	SmartHome-PT-02	RF	lp	16	2	2	0	0	0.01	0	
full2	SmartHome-PT-03	RC	hscb	16	16	16	0	0	0.33	0	
full2	SmartHome-PT-03	RC	lp	16	8	8	0	0	0.01	0	
full2	SmartHome-PT-03	RF	hscb	16	16	16	0	0	0.17	0	
full2	SmartHome-PT-03	RF	lp	16	5	5	0	0	0.01	0	
full2	SmartHome-PT-04	RC	hscb	16	13	13	0	0	12.23	0	
full2	SmartHome-PT-04	RC	lp	16	5	5	0	0	0.01	0	
full2	SmartHome-PT-04	RF	hscb	16	13	13	0	0	10.46	0	
full2	SmartHome-PT-04	RF	lp	16	4	4	0	0	0.01	0	
full2	Solitaire-PT-SqrNC5x5	RC	hscb	16	15	15	0	0	2.81	0	
full2	Solitaire-PT-SqrNC5x5	RC	lp	16	8	8	0	0	0.01	0	
full2	Solitaire-PT-SqrNC5x5	RF	hscb	16	15	15	0	0	4.2	0	
full2	Solitaire-PT-SqrNC5x5	RF	lp	16	1	1	0	0	0.01	0	
full2	StigmergyCommit-PT-02a	RC	hscb	16	16	16	0	0	1.21	0	
full2	StigmergyCommit-PT-02a	RC	lp	16	3	3	0	0	0.01	0	
full2	StigmergyCommit-PT-02a	RF	hscb	16	16	16	0	0	1.7	0	
full2	StigmergyCommit-PT-02a	RF	lp	16	2	2	0	0	0.01	0	
full2	StigmergyCommit-PT-02b	RC	hscb	16	4	4	0	0	27.31	0	
full2	StigmergyCommit-PT-02b	RC	lp	16	2	2	0	0	0.18	0	
full2	StigmergyCommit-PT-02b	RF	hscb	16	4	4	0	0	30.53	0	
full2	StigmergyCommit-PT-02b	RF	lp	16	3	3	0	0	0.09	0	
full2	StigmergyCommit-PT-03a	RC	hscb	16	16	16	0	0	12.05	0	
full2	StigmergyCommit-PT-03a	RC	lp	16	3	3	0	0	0.01	0	
full2	StigmergyCommit-PT-03a	RF	hscb	16	16	16	0	0	13.5	0	
full2	StigmergyCommit-PT-03a	RF	lp	16	4	4	0	0	0.02	0	
full2	StigmergyCommit-PT-04a	RC	hscb	16	4	4	0	0	24.95	0	
full2	StigmergyCommit-PT-04a	RC	lp	16	0	0	0	0	0.01	0	
full2	StigmergyCommit-PT-04a	RF	hscb	16	3	3	0	0	26.38	0	
full2	StigmergyCommit-PT-04a	RF	lp	16	1	1	0	0	0.02	0	
full2	StigmergyCommit-PT-05a	RC	hscb	16	6	6	0	0	23.53	0	
full2	StigmergyCommit-PT-05a	RC	lp	16	4	4	0	0	0.03	0	
full2	StigmergyCommit-PT-05a	RF	hscb	16	5	5	0	0	22.89	0	
full2	StigmergyCommit-PT-05a	RF	lp	16	2	2	0	0	0.08	0	
full2	StigmergyCommit-PT-06a	RC	hscb	16	3	3	0	0	33.39	0	
full2	StigmergyCommit-PT-06a	RC	lp	16	2	2	0	0	0.05	0	
full2	StigmergyCommit-PT-06a	RF	hscb	16	5	5	0	0	22.65	0	
full2	StigmergyCommit-PT-06a	RF	lp	16	2	2	0	0	0.12	0	
full2	StigmergyCommit-PT-07a	RC	hscb	16	5	5	0	0	23.56	0	
full2	StigmergyCommit-PT-07a	RC	lp	16	3	3	0	0	0.1	0	
full2	StigmergyCommit-PT-07a	RF	hscb	16	4	4	0	0	24.93	0	
full2	StigmergyCommit-PT-07a	RF	lp	16	0	0	0	0	0.1	0	
full2	StigmergyCommit-PT-08a	RC	hscb	16	3	3	0	0	35.93	0	
full2	StigmergyCommit-PT-08a	RC	lp	16	5	5	0	0	0.27	0	
full2	StigmergyCommit-PT-08a	RF	hscb	16	4	4	0	0	25.38	0	
full2	StigmergyCommit-PT-08a	RF	lp	16	0	0	0	0	0.26	0	
full2	StigmergyCommit-PT-09a	RC	hscb	16	3	3	0	0	39.91	0	
full2	StigmergyCommit-PT-09a	RC	lp	16	5	5	0	0	1.13	0	
full2	StigmergyCommit-PT-09a	RF	hscb	16	6	6	0	0	23.86	0	
full2	StigmergyCommit-PT-09a	RF	lp	16	0	0	0	0	1.31	0	
full2	StigmergyElection-PT-02a	RC	hscb	16	15	15	0	0	0.11	0	
full2	StigmergyElection-PT-02a	RC	lp	16	0	0	0	0	0.01	0	
full2	StigmergyElection-PT-02a	RF	hscb	16	16	16	0	0	0.08	0	
full2	StigmergyElection-PT-02a	RF	lp	16	2	2	0	0	0.01	0	
full2	StigmergyElection-PT-02b	RC	hscb	16	6	6	0	0	20.91	0	
full2	StigmergyElection-PT-02b	RC	lp	16	4	4	0	0	0.01	0	
full2	StigmergyElection-PT-02b	RF	hscb	16	1	1	0	0	30.76	0	
full2	StigmergyElection-PT-02b	RF	lp	16	1	1	0	0	0.02	0	
full2	StigmergyElection-PT-03a	RC	hscb	16	16	16	0	0	0.15	0	
full2	StigmergyElection-PT-03a	RC	lp	16	0	0	0	0	0.01	0	
full2	StigmergyElection-PT-03a	RF	hscb	16	16	16	0	0	0.13	0	
full2	StigmergyElection-PT-03a	RF	lp	16	2	2	0	0	0.01	0	
full2	StigmergyElection-PT-03b	RC	hscb	16	1	1	0	0	35.06	0	
full2	StigmergyElection-PT-03b	RC	lp	16	2	2	0	0	0.07	0	
full2	StigmergyElection-PT-03b	RF	hscb	16	3	3	0	0	30.82	0	
full2	StigmergyElection-PT-03b	RF	lp	16	2	2	0	0	0.04	0	
full2	StigmergyElection-PT-04a	RC	hscb	16	16	16	0	0	0.86	0	
full2	StigmergyElection-PT-04a	RC	lp	16	0	0	0	0	0.01	0	
full2	StigmergyElection-PT-04a	RF	hscb	16	16	16	0	0	0.42	0	
full2	StigmergyElection-PT-04a	RF	lp	16	1	1	0	0	0.01	0	
full2	StigmergyElection-PT-05a	RC	hscb	16	16	16	0	0	0.25	0	
full2	StigmergyElection-PT-05a	RC	lp	16	11	11	0	0	0.02	0	
full2	StigmergyElection-PT-05a	RF	hscb	16	16	16	0	0	0.17	0	
full2	StigmergyElection-PT-05a	RF	lp	16	4	4	0	0	0.02	0	
full2	StigmergyElection-PT-06a	RC	hscb	16	13	13	0	0	6.62	0	
full2	StigmergyElection-PT-06a	RC	lp	16	6	6	0	0	0.02	0	
full2	StigmergyElection-PT-06a	RF	hscb	16	16	16	0	0	0.45	0	
full2	StigmergyElection-PT-06a	RF	lp	16	7	7	0	0	0.03	0	
full2	StigmergyElection-PT-07a	RC	hscb	16	7	7	0	0	22.44	0	
full2	StigmergyElection-PT-07a	RC	lp	16	3	3	0	0	0.06	0	
full2	StigmergyElection-PT-07a	RF	hscb	16	8	8	0	0	16.75	0	
full2	StigmergyElection-PT-07a	RF	lp	16	2	2	0	0	0.11	0	
full2	StigmergyElection-PT-08a	RC	hscb	16	4	4	0	0	28.67	0	
full2	StigmergyElection-PT-08a	RC	lp	16	2	2	0	0	0.08	0	
full2	StigmergyElection-PT-08a	RF	hscb	16	7	7	0	0	19.02	0	
full2	StigmergyElection-PT-08a	RF	lp	16	2	2	0	0	0.11	0	
full2	StigmergyElection-PT-09a	RC	hscb	16	12	12	0	0	21.83	0	
full2	StigmergyElection-PT-09a	RC	lp	16	4	4	0	0	0.28	0	
full2	StigmergyElection-PT-09a	RF	hscb	16	16	16	0	0	14.51	0	
full2	StigmergyElection-PT-09a	RF	lp	16	1	1	0	0	0.29	0	
full2	StigmergyElection-PT-10a	RC	hscb	16	7	7	0	0	27.43	0	
full2	StigmergyElection-PT-10a	RC	lp	16	2	2	0	0	1.8	0	
full2	StigmergyElection-PT-10a	RF	hscb	16	5	5	0	0	24.81	0	
full2	StigmergyElection-PT-10a	RF	lp	16	3	3	0	0	3.68	0	
full2	StigmergyElection-PT-11a	RC	hscb	16	5	5	0	0	35.49	0	
full2	StigmergyElection-PT-11a	RC	lp	16	3	3	0	0	3.22	0	
full2	StigmergyElection-PT-11a	RF	hscb	16	6	6	0	0	27.97	0	
full2	StigmergyElection-PT-11a	RF	lp	16	1	1	0	0	23.43	0	
full2	Sudoku-PT-AN01	RC	hscb	16	14	14	0	0	0.07	0	
full2	Sudoku-PT-AN01	RC	lp	16	2	2	0	0	0.01	0	
full2	Sudoku-PT-AN01	RF	hscb	16	16	16	0	0	0.07	0	
full2	Sudoku-PT-AN01	RF	lp	16	1	1	0	0	0.01	0	
full2	Sudoku-PT-AN02	RC	hscb	16	15	15	0	0	0.09	0	
full2	Sudoku-PT-AN02	RC	lp	16	5	5	0	0	0.01	0	
full2	Sudoku-PT-AN02	RF	hscb	16	16	16	0	0	0.08	0	
full2	Sudoku-PT-AN02	RF	lp	16	0	0	0	0	0.01	0	
full2	Sudoku-PT-AN03	RC	hscb	16	15	15	0	0	2.53	0	
full2	Sudoku-PT-AN03	RC	lp	16	8	8	0	0	0.01	0	
full2	Sudoku-PT-AN03	RF	hscb	16	16	16	0	0	2.2	0	
full2	Sudoku-PT-AN03	RF	lp	16	0	0	0	0	0.01	0	
full2	Sudoku-PT-AN04	RC	hscb	16	0	0	0	0	60.09	124	
full2	Sudoku-PT-AN04	RC	lp	16	9	9	0	0	0.01	0	
full2	Sudoku-PT-AN04	RF	hscb	16	0	0	0	0	60.09	124	
full2	Sudoku-PT-AN04	RF	lp	16	0	0	0	0	0.01	0	
full2	Sudoku-PT-BN01	RC	hscb	16	13	13	0	0	0.07	0	
full2	Sudoku-PT-BN01	RC	lp	16	3	3	0	0	0.01	0	
full2	Sudoku-PT-BN01	RF	hscb	16	16	16	0	0	0.07	0	
full2	Sudoku-PT-BN01	RF	lp	16	0	0	0	0	0.0	0	
full2	Sudoku-PT-BN04	RC	hscb	16	0	0	0	0	60.05	124	
full2	Sudoku-PT-BN04	RC	lp	16	10	10	0	0	0.01	0	
full2	Sudoku-PT-BN04	RF	hscb	16	0	0	0	0	60.05	124	
full2	Sudoku-PT-BN04	RF	lp	16	0	0	0	0	0.02	0	
full2	SupplyChain-PT-00002	RC	hscb	16	0	0	0	0	0.07	0	
full2	SupplyChain-PT-00002	RC	lp	16	1	1	0	0	0.01	0	
full2	SupplyChain-PT-00002	RF	hscb	16	0	0	0	0	0.07	0	
full2	SupplyChain-PT-00002	RF	lp	16	3	3	0	0	0.01	0	
full2	SupplyChain-PT-00005	RC	hscb	16	1	1	0	0	0.39	0	
full2	SupplyChain-PT-00005	RC	lp	16	9	9	0	0	0.01	0	
full2	SupplyChain-PT-00005	RF	hscb	16	0	0	0	0	0.07	0	
full2	SupplyChain-PT-00005	RF	lp	16	2	2	0	0	0.01	0	
full2	SupplyChain-PT-00010	RC	hscb	16	0	0	0	0	0.08	0	
full2	SupplyChain-PT-00010	RC	lp	16	10	10	0	0	0.01	0	
full2	SupplyChain-PT-00010	RF	hscb	16	0	0	0	0	0.07	0	
full2	SupplyChain-PT-00010	RF	lp	16	1	1	0	0	0.01	0	
full2	SwimmingPool-PT-01	RC	hscb	16	14	14	0	0	0.6	0	
full2	SwimmingPool-PT-01	RC	lp	16	6	6	0	0	0.01	0	
full2	SwimmingPool-PT-01	RF	hscb	16	16	16	0	0	0.18	0	
full2	SwimmingPool-PT-01	RF	lp	16	0	0	0	0	0.01	0	
full2	SwimmingPool-PT-02	RC	hscb	16	9	9	0	0	19.21	0	
full2	SwimmingPool-PT-02	RC	lp	16	3	3	0	0	0.01	0	
full2	SwimmingPool-PT-02	RF	hscb	16	16	16	0	0	0.74	0	
full2	SwimmingPool-PT-02	RF	lp	16	3	3	0	0	0.01	0	
full2	SwimmingPool-PT-03	RC	hscb	16	6	6	0	0	31.27	0	
full2	SwimmingPool-PT-03	RC	lp	16	5	5	0	0	0.01	0	
full2	SwimmingPool-PT-03	RF	hscb	16	12	12	0	0	3.85	0	
full2	SwimmingPool-PT-03	RF	lp	16	2	2	0	0	0.01	0	
full2	SwimmingPool-PT-04	RC	hscb	16	7	7	0	0	31.86	0	
full2	SwimmingPool-PT-04	RC	lp	16	6	6	0	0	0.01	0	
full2	SwimmingPool-PT-04	RF	hscb	16	11	11	0	0	10.47	0	
full2	SwimmingPool-PT-04	RF	lp	16	3	3	0	0	0.01	0	
full2	SwimmingPool-PT-05	RC	hscb	16	1	1	0	0	51.69	0	
full2	SwimmingPool-PT-05	RC	lp	16	4	4	0	0	0.01	0	
full2	SwimmingPool-PT-05	RF	hscb	16	8	8	0	0	13.49	0	
full2	SwimmingPool-PT-05	RF	lp	16	2	2	0	0	0.01	0	
full2	Szymanski-PT-a02	RC	hscb	16	12	12	0	0	2.08	0	
full2	Szymanski-PT-a02	RC	lp	16	9	9	0	0	0.01	0	
full2	Szymanski-PT-a02	RF	hscb	16	13	13	0	0	1.15	0	
full2	Szymanski-PT-a02	RF	lp	16	7	7	0	0	0.02	0	
full2	Szymanski-PT-a04	RC	hscb	16	5	5	0	0	22.58	0	
full2	Szymanski-PT-a04	RC	lp	16	5	5	0	0	0.01	0	
full2	Szymanski-PT-a04	RF	hscb	16	6	6	0	0	17.13	0	
full2	Szymanski-PT-a04	RF	lp	16	4	4	0	0	0.01	0	
full2	Szymanski-PT-b02	RC	hscb	16	7	7	0	0	19.23	0	
full2	Szymanski-PT-b02	RC	lp	16	7	7	0	0	0.08	0	
full2	Szymanski-PT-b02	RF	hscb	16	9	9	0	0	15.07	0	
full2	Szymanski-PT-b02	RF	lp	16	4	4	0	0	0.68	0	
full2	TCPcondis-PT-05	RC	hscb	16	0	0	0	0	0.12	0	
full2	TCPcondis-PT-05	RC	lp	16	3	3	0	0	0.01	0	
full2	TCPcondis-PT-05	RF	hscb	16	0	0	0	0	0.12	0	
full2	TCPcondis-PT-05	RF	lp	16	2	2	0	0	0.01	0	
full2	TokenRing-PT-005	RC	hscb	16	13	13	0	0	0.28	0	
full2	TokenRing-PT-005	RC	lp	16	0	0	0	0	0.01	0	
full2	TokenRing-PT-005	RF	hscb	16	16	16	0	0	1.54	0	
full2	TokenRing-PT-005	RF	lp	16	0	0	0	0	0.03	0	
full2	TokenRing-PT-010	RC	hscb	16	8	8	0	0	12.61	0	
full2	TokenRing-PT-010	RC	lp	16	2	2	0	0	0.02	0	
full2	TokenRing-PT-010	RF	hscb	16	3	3	0	0	60.04	124	
full2	TokenRing-PT-010	RF	lp	16	1	1	0	0	0.3	0	
full2	TokenRing-PT-015	RC	hscb	16	5	5	0	0	19.7	0	
full2	TokenRing-PT-015	RC	lp	16	1	1	0	0	0.05	0	
full2	TokenRing-PT-015	RF	hscb	16	0	0	0	0	60.04	124	
full2	TokenRing-PT-015	RF	lp	16	0	0	0	0	1.1	0	
full2	TriangularGrid-PT-1200	RC	hscb	16	11	11	0	0	0.63	0	
full2	TriangularGrid-PT-1200	RC	lp	16	6	6	0	0	0.01	0	
full2	TriangularGrid-PT-1200	RF	hscb	16	16	16	0	0	0.22	0	
full2	TriangularGrid-PT-1200	RF	lp	16	4	4	0	0	0.01	0	
full2	TriangularGrid-PT-1500	RC	hscb	16	11	11	0	0	7.54	0	
full2	TriangularGrid-PT-1500	RC	lp	16	10	10	0	0	0.01	0	
full2	TriangularGrid-PT-1500	RF	hscb	16	16	16	0	0	2.09	0	
full2	TriangularGrid-PT-1500	RF	lp	16	1	1	0	0	0.01	0	
full2	TriangularGrid-PT-2011	RC	hscb	16	13	13	0	0	8.6	0	
full2	TriangularGrid-PT-2011	RC	lp	16	5	5	0	0	0.01	0	
full2	TriangularGrid-PT-2011	RF	hscb	16	12	12	0	0	13.16	0	
full2	TriangularGrid-PT-2011	RF	lp	16	1	1	0	0	0.01	0	
full2	TwoPhaseLocking-PT-nC00004vD	RC	hscb	16	15	15	0	0	0.07	0	
full2	TwoPhaseLocking-PT-nC00004vD	RC	lp	16	2	2	0	0	0.0	0	
full2	TwoPhaseLocking-PT-nC00004vD	RF	hscb	16	16	16	0	0	0.07	0	
full2	TwoPhaseLocking-PT-nC00004vD	RF	lp	16	0	0	0	0	0.01	0	
full2	TwoPhaseLocking-PT-nC00004vN	RC	hscb	16	16	16	0	0	0.07	0	
full2	TwoPhaseLocking-PT-nC00004vN	RC	lp	16	4	4	0	0	0.01	0	
full2	TwoPhaseLocking-PT-nC00004vN	RF	hscb	16	16	16	0	0	0.07	0	
full2	TwoPhaseLocking-PT-nC00004vN	RF	lp	16	0	0	0	0	0.01	0	
full2	TwoPhaseLocking-PT-nC00010vD	RC	hscb	16	15	15	0	0	0.08	0	
full2	TwoPhaseLocking-PT-nC00010vD	RC	lp	16	3	3	0	0	0.01	0	
full2	TwoPhaseLocking-PT-nC00010vD	RF	hscb	16	16	16	0	0	0.08	0	
full2	TwoPhaseLocking-PT-nC00010vD	RF	lp	16	0	0	0	0	0.0	0	
full2	TwoPhaseLocking-PT-nC00010vN	RC	hscb	16	14	14	0	0	0.08	0	
full2	TwoPhaseLocking-PT-nC00010vN	RC	lp	16	1	1	0	0	0.0	0	
full2	TwoPhaseLocking-PT-nC00010vN	RF	hscb	16	16	16	0	0	0.07	0	
full2	TwoPhaseLocking-PT-nC00010vN	RF	lp	16	0	0	0	0	0.01	0	
full2	TwoPhaseLocking-PT-nC00020vD	RC	hscb	16	16	16	0	0	0.13	0	
full2	TwoPhaseLocking-PT-nC00020vD	RC	lp	16	12	12	0	0	0.01	0	
full2	TwoPhaseLocking-PT-nC00020vD	RF	hscb	16	16	16	0	0	0.12	0	
full2	TwoPhaseLocking-PT-nC00020vD	RF	lp	16	4	4	0	0	0.01	0	
full2	TwoPhaseLocking-PT-nC00020vN	RC	hscb	16	15	15	0	0	0.16	0	
full2	TwoPhaseLocking-PT-nC00020vN	RC	lp	16	11	11	0	0	0.01	0	
full2	TwoPhaseLocking-PT-nC00020vN	RF	hscb	16	16	16	0	0	0.11	0	
full2	TwoPhaseLocking-PT-nC00020vN	RF	lp	16	0	0	0	0	0.01	0	
full2	TwoPhaseLocking-PT-nC00050vD	RC	hscb	16	15	15	0	0	7.34	0	
full2	TwoPhaseLocking-PT-nC00050vD	RC	lp	16	6	6	0	0	0.0	0	
full2	TwoPhaseLocking-PT-nC00050vD	RF	hscb	16	16	16	0	0	1.85	0	
full2	TwoPhaseLocking-PT-nC00050vD	RF	lp	16	5	5	0	0	0.01	0	
full2	TwoPhaseLocking-PT-nC00050vN	RC	hscb	16	10	10	0	0	5.45	0	
full2	TwoPhaseLocking-PT-nC00050vN	RC	lp	16	6	6	0	0	0.01	0	
full2	TwoPhaseLocking-PT-nC00050vN	RF	hscb	16	15	15	0	0	3.9	0	
full2	TwoPhaseLocking-PT-nC00050vN	RF	lp	16	1	1	0	0	0.01	0	
full2	TwoPhaseLocking-PT-nC00100vD	RC	hscb	16	8	8	0	0	23.01	0	
full2	TwoPhaseLocking-PT-nC00100vD	RC	lp	16	6	6	0	0	0.01	0	
full2	TwoPhaseLocking-PT-nC00100vD	RF	hscb	16	7	7	0	0	21.02	0	
full2	TwoPhaseLocking-PT-nC00100vD	RF	lp	16	3	3	0	0	0.01	0	
full2	TwoPhaseLocking-PT-nC00100vN	RC	hscb	16	6	6	0	0	27.03	0	
full2	TwoPhaseLocking-PT-nC00100vN	RC	lp	16	6	6	0	0	0.01	0	
full2	TwoPhaseLocking-PT-nC00100vN	RF	hscb	16	13	13	0	0	13.16	0	
full2	TwoPhaseLocking-PT-nC00100vN	RF	lp	16	1	1	0	0	0.01	0	
full2	TwoPhaseLocking-PT-nC00200vD	RC	hscb	16	4	4	0	0	30.38	0	
full2	TwoPhaseLocking-PT-nC00200vD	RC	lp	16	4	4	0	0	0.01	0	
full2	TwoPhaseLocking-PT-nC00200vD	RF	hscb	16	6	6	0	0	38.25	0	
full2	TwoPhaseLocking-PT-nC00200vD	RF	lp	16	6	6	0	0	0.01	0	
full2	TwoPhaseLocking-PT-nC00200vN	RC	hscb	16	5	5	0	0	42.03	0	
full2	TwoPhaseLocking-PT-nC00200vN	RC	lp	16	4	4	0	0	0.01	0	
full2	TwoPhaseLocking-PT-nC00200vN	RF	hscb	16	5	5	0	0	32.35	0	
full2	TwoPhaseLocking-PT-nC00200vN	RF	lp	16	1	1	0	0	0.01	0	
full2	UtilityControlRoom-PT-Z2T3N04	RC	hscb	16	16	16	0	0	0.48	0	
full2	UtilityControlRoom-PT-Z2T3N04	RC	lp	16	13	13	0	0	0.01	0	
full2	UtilityControlRoom-PT-Z2T3N04	RF	hscb	16	16	16	0	0	5.15	0	
full2	UtilityControlRoom-PT-Z2T3N04	RF	lp	16	1	1	0	0	0.01	0	
full2	UtilityControlRoom-PT-Z2T3N06	RC	hscb	16	16	16	0	0	10.36	0	
full2	UtilityControlRoom-PT-Z2T3N06	RC	lp	16	11	11	0	0	0.02	0	
full2	UtilityControlRoom-PT-Z2T3N06	RF	hscb	16	13	13	0	0	25.62	0	
full2	UtilityControlRoom-PT-Z2T3N06	RF	lp	16	0	0	0	0	0.01	0	
full2	UtilityControlRoom-PT-Z2T4N02	RC	hscb	16	16	16	0	0	0.14	0	
full2	UtilityControlRoom-PT-Z2T4N02	RC	lp	16	4	4	0	0	0.01	0	
full2	UtilityControlRoom-PT-Z2T4N02	RF	hscb	16	16	16	0	0	0.1	0	
full2	UtilityControlRoom-PT-Z2T4N02	RF	lp	16	0	0	0	0	0.01	0	
full2	UtilityControlRoom-PT-Z2T4N04	RC	hscb	16	16	16	0	0	1.15	0	
full2	UtilityControlRoom-PT-Z2T4N04	RC	lp	16	11	11	0	0	0.01	0	
full2	UtilityControlRoom-PT-Z2T4N04	RF	hscb	16	16	16	0	0	3.67	0	
full2	UtilityControlRoom-PT-Z2T4N04	RF	lp	16	0	0	0	0	0.01	0	
full2	UtilityControlRoom-PT-Z2T4N06	RC	hscb	16	14	14	0	0	13.96	0	
full2	UtilityControlRoom-PT-Z2T4N06	RC	lp	16	10	10	0	0	0.01	0	
full2	UtilityControlRoom-PT-Z2T4N06	RF	hscb	16	10	10	0	0	17.74	0	
full2	UtilityControlRoom-PT-Z2T4N06	RF	lp	16	3	3	0	0	0.02	0	
full2	UtilityControlRoom-PT-Z4T4N02	RC	hscb	16	16	16	0	0	0.26	0	
full2	UtilityControlRoom-PT-Z4T4N02	RC	lp	16	10	10	0	0	0.02	0	
full2	UtilityControlRoom-PT-Z4T4N02	RF	hscb	16	16	16	0	0	0.55	0	
full2	UtilityControlRoom-PT-Z4T4N02	RF	lp	16	2	2	0	0	0.01	0	
full2	UtilityControlRoom-PT-Z4T4N04	RC	hscb	16	14	14	0	0	15.34	0	
full2	UtilityControlRoom-PT-Z4T4N04	RC	lp	16	9	9	0	0	0.05	0	
full2	UtilityControlRoom-PT-Z4T4N04	RF	hscb	16	11	11	0	0	24.14	0	
full2	UtilityControlRoom-PT-Z4T4N04	RF	lp	16	3	3	0	0	0.03	0	
full2	ZombiesAndSurvivors-PT-Circular04005005	RC	hscb	16	0	0	0	0	0.07	1	
full2	ZombiesAndSurvivors-PT-Circular04005005	RC	lp	16	1	1	0	0	0.01	0	
full2	ZombiesAndSurvivors-PT-Circular04005005	RF	hscb	16	0	0	0	0	0.06	1	
full2	ZombiesAndSurvivors-PT-Circular04005005	RF	lp	16	4	4	0	0	0.01	0	
full2	ZombiesAndSurvivors-PT-Heawood140505	RC	hscb	16	0	0	0	0	0.07	1	
full2	ZombiesAndSurvivors-PT-Heawood140505	RC	lp	16	3	3	0	0	0.01	0	
full2	ZombiesAndSurvivors-PT-Heawood140505	RF	hscb	16	0	0	0	0	0.07	1	
full2	ZombiesAndSurvivors-PT-Heawood140505	RF	lp	16	0	0	0	0	0.01	0	
