sample	AirplaneLD-PT-0010	RC	hsc	16	13	13	0	0	0.84	0	
sample	AirplaneLD-PT-0010	RC	hscu	16	13	13	0	0	0.09	0	
sample	AirplaneLD-PT-0010	RC	lp	16	11	11	0	0	0.01	0	
sample	AirplaneLD-PT-0010	RF	hsc	16	4	4	0	0	0.06	0	
sample	AirplaneLD-PT-0010	RF	hscu	16	5	5	0	0	0.06	0	
sample	AirplaneLD-PT-0010	RF	lp	16	2	2	0	0	0.0	0	
sample	AirplaneLD-PT-2000	RC	hsc	16	0	0	0	0	60.3	124	
sample	AirplaneLD-PT-2000	RC	hscu	16	0	0	0	0	60.29	124	
sample	AirplaneLD-PT-2000	RC	lp	16	8	8	0	0	0.97	0	
sample	AirplaneLD-PT-2000	RF	hsc	16	0	0	0	0	60.3	124	
sample	AirplaneLD-PT-2000	RF	hscu	16	0	0	0	0	60.29	124	
sample	AirplaneLD-PT-2000	RF	lp	16	2	2	0	0	5.38	0	
sample	Angiogenesis-PT-01	RC	hsc	16	2	2	0	0	0.04	0	
sample	Angiogenesis-PT-01	RC	hscu	16	2	2	0	0	0.04	0	
sample	Angiogenesis-PT-01	RC	lp	16	2	2	0	0	0.01	0	
sample	Angiogenesis-PT-01	RF	hsc	16	2	2	0	0	0.04	0	
sample	Angiogenesis-PT-01	RF	hscu	16	2	2	0	0	0.04	0	
sample	Angiogenesis-PT-01	RF	lp	16	2	2	0	0	0.01	0	
sample	AutoFlight-PT-01b	RC	hsc	16	8	8	0	0	7.43	0	
sample	AutoFlight-PT-01b	RC	hscu	16	8	8	0	0	12.93	0	
sample	AutoFlight-PT-01b	RC	lp	16	6	6	0	0	0.02	0	
sample	AutoFlight-PT-01b	RF	hsc	16	1	1	0	0	5.84	0	
sample	AutoFlight-PT-01b	RF	hscu	16	1	1	0	0	9.45	0	
sample	AutoFlight-PT-01b	RF	lp	16	1	1	0	0	0.01	0	
sample	AutonomousCar-PT-01a	RC	hsc	16	3	3	0	0	0.04	0	
sample	AutonomousCar-PT-01a	RC	hscu	16	3	3	0	0	0.04	0	
sample	AutonomousCar-PT-01a	RC	lp	16	2	2	0	0	0.01	0	
sample	AutonomousCar-PT-01a	RF	hsc	16	0	0	0	0	0.04	0	
sample	AutonomousCar-PT-01a	RF	hscu	16	0	0	0	0	0.04	0	
sample	AutonomousCar-PT-01a	RF	lp	16	0	0	0	0	0.01	0	
sample	AutonomousCar-PT-03b	RC	hsc	16	3	3	0	0	60.01	124	
sample	AutonomousCar-PT-03b	RC	hscu	16	3	3	0	0	60.01	124	
sample	AutonomousCar-PT-03b	RC	lp	16	6	6	0	0	0.03	0	
sample	AutonomousCar-PT-03b	RF	hsc	16	3	3	0	0	0.15	0	
sample	AutonomousCar-PT-03b	RF	hscu	16	3	3	0	0	0.15	0	
sample	AutonomousCar-PT-03b	RF	lp	16	1	1	0	0	0.01	0	
sample	AutonomousCar-PT-08a	RC	hsc	16	6	6	0	0	3.7	0	
sample	AutonomousCar-PT-08a	RC	hscu	16	6	6	0	0	3.76	0	
sample	AutonomousCar-PT-08a	RC	lp	16	5	5	0	0	0.05	0	
sample	AutonomousCar-PT-08a	RF	hsc	16	6	6	0	0	1.06	0	
sample	AutonomousCar-PT-08a	RF	hscu	16	6	6	0	0	1.12	0	
sample	AutonomousCar-PT-08a	RF	lp	16	1	1	0	0	0.02	0	
sample	BridgeAndVehicles-PT-V20P10N10	RC	hsc	16	0	0	0	0	60.01	124	
sample	BridgeAndVehicles-PT-V20P10N10	RC	hscu	16	0	0	0	0	60.01	124	
sample	BridgeAndVehicles-PT-V20P10N10	RC	lp	16	13	13	0	0	0.03	0	
sample	BridgeAndVehicles-PT-V20P10N10	RF	hsc	16	10	10	0	0	9.42	0	
sample	BridgeAndVehicles-PT-V20P10N10	RF	hscu	16	10	10	0	0	9.44	0	
sample	BridgeAndVehicles-PT-V20P10N10	RF	lp	16	0	0	0	0	0.03	0	
sample	BridgeAndVehicles-PT-V20P20N50	RC	hsc	16	4	4	0	0	60.01	124	
sample	BridgeAndVehicles-PT-V20P20N50	RC	hscu	16	4	4	0	0	60.01	124	
sample	BridgeAndVehicles-PT-V20P20N50	RC	lp	16	5	5	0	0	0.04	0	
sample	BridgeAndVehicles-PT-V20P20N50	RF	hsc	16	5	5	0	0	25.14	0	
sample	BridgeAndVehicles-PT-V20P20N50	RF	hscu	16	5	5	0	0	24.85	0	
sample	BridgeAndVehicles-PT-V20P20N50	RF	lp	16	0	0	0	0	0.13	0	
sample	BugTracking-PT-q3m004	RC	hsc	16	6	6	0	0	19.04	0	
sample	BugTracking-PT-q3m004	RC	hscu	16	6	6	0	0	19.12	0	
sample	BugTracking-PT-q3m004	RC	lp	16	7	7	0	0	0.65	0	
sample	BugTracking-PT-q3m004	RF	hsc	16	4	4	0	0	3.89	0	
sample	BugTracking-PT-q3m004	RF	hscu	16	4	4	0	0	3.92	0	
sample	BugTracking-PT-q3m004	RF	lp	16	6	6	0	0	0.4	0	
sample	CircadianClock-PT-000001	RC	hsc	16	2	2	0	0	0.06	0	
sample	CircadianClock-PT-000001	RC	hscu	16	2	2	0	0	0.04	0	
sample	CircadianClock-PT-000001	RC	lp	16	2	2	0	0	0.01	0	
sample	CircadianClock-PT-000001	RF	hsc	16	1	1	0	0	0.04	0	
sample	CircadianClock-PT-000001	RF	hscu	16	1	1	0	0	0.03	0	
sample	CircadianClock-PT-000001	RF	lp	16	0	0	0	0	0.01	0	
sample	ClientsAndServers-PT-N0002P0	RC	hsc	16	4	4	0	0	0.3	0	
sample	ClientsAndServers-PT-N0002P0	RC	hscu	16	4	4	0	0	0.29	0	
sample	ClientsAndServers-PT-N0002P0	RC	lp	16	8	8	0	0	0.01	0	
sample	ClientsAndServers-PT-N0002P0	RF	hsc	16	0	0	0	0	1.46	0	
sample	ClientsAndServers-PT-N0002P0	RF	hscu	16	0	0	0	0	1.47	0	
sample	ClientsAndServers-PT-N0002P0	RF	lp	16	1	1	0	0	0.01	0	
sample	CloudDeployment-PT-5a	RC	hsc	16	0	0	0	0	60.03	124	
sample	CloudDeployment-PT-5a	RC	hscu	16	0	0	0	0	60.01	124	
sample	CloudDeployment-PT-5a	RC	lp	16	1	1	0	0	0.01	0	
sample	CloudDeployment-PT-5a	RF	hsc	16	0	0	0	0	60.03	124	
sample	CloudDeployment-PT-5a	RF	hscu	16	2	2	0	0	20.9	0	
sample	CloudDeployment-PT-5a	RF	lp	16	0	0	0	0	0.02	0	
sample	CO4-PT-03	RC	hsc	16	11	11	0	0	0.1	0	
sample	CO4-PT-03	RC	hscu	16	11	11	0	0	0.89	0	
sample	CO4-PT-03	RC	lp	16	10	10	0	0	0.01	0	
sample	CO4-PT-03	RF	hsc	16	1	1	0	0	0.2	0	
sample	CO4-PT-03	RF	hscu	16	7	7	0	0	0.32	0	
sample	CO4-PT-03	RF	lp	16	2	2	0	0	0.01	0	
sample	CO4-PT-08	RC	hsc	16	5	5	0	0	14.32	0	
sample	CO4-PT-08	RC	hscu	16	2	2	0	0	60.01	124	
sample	CO4-PT-08	RC	lp	16	5	5	0	0	0.08	0	
sample	CO4-PT-08	RF	hsc	16	5	5	0	0	0.93	0	
sample	CO4-PT-08	RF	hscu	16	5	5	0	0	42.22	0	
sample	CO4-PT-08	RF	lp	16	2	2	0	0	0.03	0	
sample	CO4-PT-13	RC	hsc	16	1	1	0	0	60.01	124	
sample	CO4-PT-13	RC	hscu	16	1	1	0	0	60.01	124	
sample	CO4-PT-13	RC	lp	16	7	7	0	0	0.11	0	
sample	CO4-PT-13	RF	hsc	16	4	4	0	0	60.01	124	
sample	CO4-PT-13	RF	hscu	16	4	4	0	0	60.01	124	
sample	CO4-PT-13	RF	lp	16	4	4	0	0	0.13	0	
sample	CopsAndRobbers-PT-HRL014X002	RC	hsc	16	9	9	0	0	0.23	0	
sample	CopsAndRobbers-PT-HRL014X002	RC	hscu	16	9	9	0	0	0.22	0	
sample	CopsAndRobbers-PT-HRL014X002	RC	lp	16	6	6	0	0	0.02	0	
sample	CopsAndRobbers-PT-HRL014X002	RF	hsc	16	9	9	0	0	0.1	0	
sample	CopsAndRobbers-PT-HRL014X002	RF	hscu	16	9	9	0	0	0.1	0	
sample	CopsAndRobbers-PT-HRL014X002	RF	lp	16	5	5	0	0	0.01	0	
sample	CopsAndRobbers-PT-KFL036N009K002X003	RC	hsc	16	0	0	0	0	60.14	124	
sample	CopsAndRobbers-PT-KFL036N009K002X003	RC	hscu	16	0	0	0	0	60.13	124	
sample	CopsAndRobbers-PT-KFL036N009K002X003	RC	lp	16	4	4	0	0	0.04	0	
sample	CopsAndRobbers-PT-KFL036N009K002X003	RF	hsc	16	0	0	0	0	60.13	124	
sample	CopsAndRobbers-PT-KFL036N009K002X003	RF	hscu	16	0	0	0	0	60.12	124	
sample	CopsAndRobbers-PT-KFL036N009K002X003	RF	lp	16	0	0	0	0	0.02	0	
sample	CSRepetitions-PT-03	RC	hsc	16	6	6	0	0	0.05	0	
sample	CSRepetitions-PT-03	RC	hscu	16	6	6	0	0	0.05	0	
sample	CSRepetitions-PT-03	RC	lp	16	13	13	0	0	0.01	0	
sample	CSRepetitions-PT-03	RF	hsc	16	0	0	0	0	0.04	0	
sample	CSRepetitions-PT-03	RF	hscu	16	0	0	0	0	0.04	0	
sample	CSRepetitions-PT-03	RF	lp	16	1	1	0	0	0.01	0	
sample	DBSingleClientW-PT-d0m07	RC	hsc	16	9	9	0	0	0.12	0	
sample	DBSingleClientW-PT-d0m07	RC	hscu	16	9	9	0	0	0.12	0	
sample	DBSingleClientW-PT-d0m07	RC	lp	16	14	14	0	0	0.01	0	
sample	DBSingleClientW-PT-d0m07	RF	hsc	16	0	0	0	0	0.1	0	
sample	DBSingleClientW-PT-d0m07	RF	hscu	16	0	0	0	0	0.1	0	
sample	DBSingleClientW-PT-d0m07	RF	lp	16	3	3	0	0	0.02	0	
sample	DBSingleClientW-PT-d2m04	RC	hsc	16	5	5	0	0	5.28	0	
sample	DBSingleClientW-PT-d2m04	RC	hscu	16	5	5	0	0	5.23	0	
sample	DBSingleClientW-PT-d2m04	RC	lp	16	15	15	0	0	0.04	0	
sample	DBSingleClientW-PT-d2m04	RF	hsc	16	0	0	0	0	5.08	0	
sample	DBSingleClientW-PT-d2m04	RF	hscu	16	0	0	0	0	4.95	0	
sample	DBSingleClientW-PT-d2m04	RF	lp	16	1	1	0	0	0.4	0	
sample	DES-PT-01a	RC	hsc	16	0	0	0	0	2.41	0	
sample	DES-PT-01a	RC	hscu	16	0	0	0	0	2.82	0	
sample	DES-PT-01a	RC	lp	16	1	1	0	0	0.02	0	
sample	DES-PT-01a	RF	hsc	16	1	1	0	0	0.11	0	
sample	DES-PT-01a	RF	hscu	16	2	2	0	0	0.1	0	
sample	DES-PT-01a	RF	lp	16	2	2	0	0	0.03	0	
sample	DLCround-PT-03a	RC	hsc	16	13	13	0	0	0.17	0	
sample	DLCround-PT-03a	RC	hscu	16	13	13	0	0	0.17	0	
sample	DLCround-PT-03a	RC	lp	16	10	10	0	0	0.02	0	
sample	DLCround-PT-03a	RF	hsc	16	3	3	0	0	0.39	0	
sample	DLCround-PT-03a	RF	hscu	16	3	3	0	0	0.39	0	
sample	DLCround-PT-03a	RF	lp	16	1	1	0	0	0.01	0	
sample	DNAwalker-PT-04track28LL	RC	hsc	16	0	0	0	0	0.04	0	
sample	DNAwalker-PT-04track28LL	RC	hscu	16	0	0	0	0	0.04	0	
sample	DNAwalker-PT-04track28LL	RC	lp	16	6	6	0	0	0.01	0	
sample	DNAwalker-PT-04track28LL	RF	hsc	16	0	0	0	0	0.04	0	
sample	DNAwalker-PT-04track28LL	RF	hscu	16	0	0	0	0	0.04	0	
sample	DNAwalker-PT-04track28LL	RF	lp	16	0	0	0	0	0.01	0	
sample	DoubleExponent-PT-002	RC	hsc	16	1	1	0	0	0.04	0	
sample	DoubleExponent-PT-002	RC	hscu	16	1	1	0	0	0.04	0	
sample	DoubleExponent-PT-002	RC	lp	16	7	7	0	0	0.07	0	
sample	DoubleExponent-PT-002	RF	hsc	16	0	0	0	0	0.06	0	
sample	DoubleExponent-PT-002	RF	hscu	16	0	0	0	0	0.06	0	
sample	DoubleExponent-PT-002	RF	lp	16	3	3	0	0	0.02	0	
sample	EisenbergMcGuire-PT-04	RC	hsc	16	6	6	0	0	0.17	0	
sample	EisenbergMcGuire-PT-04	RC	hscu	16	7	7	0	0	0.12	0	
sample	EisenbergMcGuire-PT-04	RC	lp	16	4	4	0	0	0.02	0	
sample	EisenbergMcGuire-PT-04	RF	hsc	16	1	1	0	0	1.14	0	
sample	EisenbergMcGuire-PT-04	RF	hscu	16	2	2	0	0	0.17	0	
sample	EisenbergMcGuire-PT-04	RF	lp	16	1	1	0	0	0.02	0	
sample	ERK-PT-000010	RC	hsc	16	5	5	0	0	0.09	0	
sample	ERK-PT-000010	RC	hscu	16	5	5	0	0	0.09	0	
sample	ERK-PT-000010	RC	lp	16	2	2	0	0	0.01	0	
sample	ERK-PT-000010	RF	hsc	16	8	8	0	0	0.06	0	
sample	ERK-PT-000010	RF	hscu	16	8	8	0	0	0.06	0	
sample	ERK-PT-000010	RF	lp	16	4	4	0	0	0.01	0	
sample	FileSystem-PT-N02I10B10	RC	hsc	16	0	0	0	0	60.02	124	
sample	FileSystem-PT-N02I10B10	RC	hscu	16	0	0	0	0	60.02	124	
sample	FileSystem-PT-N02I10B10	RC	lp	16	7	7	0	0	0.08	0	
sample	FileSystem-PT-N02I10B10	RF	hsc	16	0	0	0	0	60.02	124	
sample	FileSystem-PT-N02I10B10	RF	hscu	16	0	0	0	0	60.02	124	
sample	FileSystem-PT-N02I10B10	RF	lp	16	0	0	0	0	0.09	0	
sample	FileSystem-PT-N05I10B10	RC	hsc	16	0	0	0	0	60.02	124	
sample	FileSystem-PT-N05I10B10	RC	hscu	16	0	0	0	0	60.02	124	
sample	FileSystem-PT-N05I10B10	RC	lp	16	6	6	0	0	0.02	0	
sample	FileSystem-PT-N05I10B10	RF	hsc	16	0	0	0	0	60.02	124	
sample	FileSystem-PT-N05I10B10	RF	hscu	16	0	0	0	0	60.02	124	
sample	FileSystem-PT-N05I10B10	RF	lp	16	1	1	0	0	0.03	0	
sample	FireWire-PT-04	RC	hsc	16	4	4	0	0	1.06	0	
sample	FireWire-PT-04	RC	hscu	16	4	4	0	0	1.04	0	
sample	FireWire-PT-04	RC	lp	16	2	2	0	0	0.02	0	
sample	FireWire-PT-04	RF	hsc	16	4	4	0	0	0.1	0	
sample	FireWire-PT-04	RF	hscu	16	4	4	0	0	0.1	0	
sample	FireWire-PT-04	RF	lp	16	2	2	0	0	0.02	0	
sample	FireWire-PT-09	RC	hsc	16	4	4	0	0	0.24	0	
sample	FireWire-PT-09	RC	hscu	16	4	4	0	0	0.23	0	
sample	FireWire-PT-09	RC	lp	16	4	4	0	0	0.05	0	
sample	FireWire-PT-09	RF	hsc	16	5	5	0	0	0.68	0	
sample	FireWire-PT-09	RF	hscu	16	5	5	0	0	0.67	0	
sample	FireWire-PT-09	RF	lp	16	0	0	0	0	0.01	0	
sample	FireWire-PT-15	RC	hsc	16	7	7	0	0	0.57	0	
sample	FireWire-PT-15	RC	hscu	16	7	7	0	0	0.58	0	
sample	FireWire-PT-15	RC	lp	16	6	6	0	0	0.06	0	
sample	FireWire-PT-15	RF	hsc	16	3	3	0	0	0.21	0	
sample	FireWire-PT-15	RF	hscu	16	3	3	0	0	0.21	0	
sample	FireWire-PT-15	RF	lp	16	2	2	0	0	0.05	0	
sample	FlexibleBarrier-PT-08a	RC	hsc	16	12	12	0	0	0.33	0	
sample	FlexibleBarrier-PT-08a	RC	hscu	16	12	12	0	0	0.34	0	
sample	FlexibleBarrier-PT-08a	RC	lp	16	9	9	0	0	0.02	0	
sample	FlexibleBarrier-PT-08a	RF	hsc	16	0	0	0	0	0.26	0	
sample	FlexibleBarrier-PT-08a	RF	hscu	16	0	0	0	0	0.26	0	
sample	FlexibleBarrier-PT-08a	RF	lp	16	0	0	0	0	0.01	0	
sample	GPPP-PT-C0001N0000000001	RC	hsc	16	3	3	0	0	0.04	0	
sample	GPPP-PT-C0001N0000000001	RC	hscu	16	3	3	0	0	0.04	0	
sample	GPPP-PT-C0001N0000000001	RC	lp	16	9	9	0	0	0.01	0	
sample	GPPP-PT-C0001N0000000001	RF	hsc	16	0	0	0	0	0.04	0	
sample	GPPP-PT-C0001N0000000001	RF	hscu	16	0	0	0	0	0.04	0	
sample	GPPP-PT-C0001N0000000001	RF	lp	16	1	1	0	0	0.01	0	
sample	GPUForwardProgress-PT-08a	RC	hsc	16	8	8	0	0	0.28	0	
sample	GPUForwardProgress-PT-08a	RC	hscu	16	10	10	0	0	1.26	0	
sample	GPUForwardProgress-PT-08a	RC	lp	16	6	6	0	0	0.01	0	
sample	GPUForwardProgress-PT-08a	RF	hsc	16	2	2	0	0	0.12	0	
sample	GPUForwardProgress-PT-08a	RF	hscu	16	8	8	0	0	0.52	0	
sample	GPUForwardProgress-PT-08a	RF	lp	16	3	3	0	0	0.01	0	
sample	HealthRecord-PT-04	RC	hsc	16	6	6	0	0	0.91	0	
sample	HealthRecord-PT-04	RC	hscu	16	7	7	0	0	0.29	0	
sample	HealthRecord-PT-04	RC	lp	16	5	5	0	0	0.03	0	
sample	HealthRecord-PT-04	RF	hsc	16	0	0	0	0	0.1	0	
sample	HealthRecord-PT-04	RF	hscu	16	2	2	0	0	0.11	0	
sample	HealthRecord-PT-04	RF	lp	16	1	1	0	0	0.01	0	
sample	HealthRecord-PT-09	RC	hsc	16	1	1	0	0	28.0	0	
sample	HealthRecord-PT-09	RC	hscu	16	2	2	0	0	60.01	124	
sample	HealthRecord-PT-09	RC	lp	16	3	3	0	0	0.02	0	
sample	HealthRecord-PT-09	RF	hsc	16	0	0	0	0	60.01	124	
sample	HealthRecord-PT-09	RF	hscu	16	0	0	0	0	60.01	124	
sample	HealthRecord-PT-09	RF	lp	16	1	1	0	0	0.01	0	
sample	HouseConstruction-PT-00005	RC	hsc	16	0	0	0	0	0.06	0	
sample	HouseConstruction-PT-00005	RC	hscu	16	0	0	0	0	0.04	0	
sample	HouseConstruction-PT-00005	RC	lp	16	5	5	0	0	0.01	0	
sample	HouseConstruction-PT-00005	RF	hsc	16	0	0	0	0	0.04	0	
sample	HouseConstruction-PT-00005	RF	hscu	16	0	0	0	0	0.04	0	
sample	HouseConstruction-PT-00005	RF	lp	16	0	0	0	0	0.01	0	
sample	IOTPpurchase-PT-C01M01P01D01	RC	hsc	16	0	0	0	0	0.49	0	
sample	IOTPpurchase-PT-C01M01P01D01	RC	hscu	16	1	1	0	0	4.25	0	
sample	IOTPpurchase-PT-C01M01P01D01	RC	lp	16	1	1	0	0	0.01	0	
sample	IOTPpurchase-PT-C01M01P01D01	RF	hsc	16	0	0	0	0	0.52	0	
sample	IOTPpurchase-PT-C01M01P01D01	RF	hscu	16	0	0	0	0	0.55	0	
sample	IOTPpurchase-PT-C01M01P01D01	RF	lp	16	0	0	0	0	0.01	0	
sample	Kanban-PT-00005	RC	hsc	16	0	0	0	0	0.15	0	
sample	Kanban-PT-00005	RC	hscu	16	0	0	0	0	0.15	0	
sample	Kanban-PT-00005	RC	lp	16	3	3	0	0	0.01	0	
sample	Kanban-PT-00005	RF	hsc	16	0	0	0	0	0.24	0	
sample	Kanban-PT-00005	RF	hscu	16	0	0	0	0	0.23	0	
sample	Kanban-PT-00005	RF	lp	16	3	3	0	0	0.01	0	
sample	LastZero-PT-N08	RC	hsc	16	3	3	0	0	0.21	0	
sample	LastZero-PT-N08	RC	hscu	16	3	3	0	0	0.2	0	
sample	LastZero-PT-N08	RC	lp	16	7	7	0	0	0.02	0	
sample	LastZero-PT-N08	RF	hsc	16	4	4	0	0	0.06	0	
sample	LastZero-PT-N08	RF	hscu	16	4	4	0	0	0.05	0	
sample	LastZero-PT-N08	RF	lp	16	7	7	0	0	0.01	0	
sample	LeafsetExtension-PT-S08C3	RC	hsc	16	0	0	0	0	60.01	124	
sample	LeafsetExtension-PT-S08C3	RC	hscu	16	0	0	0	0	60.01	124	
sample	LeafsetExtension-PT-S08C3	RC	lp	16	9	9	0	0	0.03	0	
sample	LeafsetExtension-PT-S08C3	RF	hsc	16	0	0	0	0	0.27	0	
sample	LeafsetExtension-PT-S08C3	RF	hscu	16	0	0	0	0	0.25	0	
sample	LeafsetExtension-PT-S08C3	RF	lp	16	0	0	0	0	0.01	0	
sample	MedleyA-PT-02	RC	hsc	16	8	8	0	0	0.45	0	
sample	MedleyA-PT-02	RC	hscu	16	8	8	0	0	0.46	0	
sample	MedleyA-PT-02	RC	lp	16	6	6	0	0	0.02	0	
sample	MedleyA-PT-02	RF	hsc	16	2	2	0	0	0.25	0	
sample	MedleyA-PT-02	RF	hscu	16	2	2	0	0	0.26	0	
sample	MedleyA-PT-02	RF	lp	16	1	1	0	0	0.02	0	
sample	MedleyA-PT-08	RC	hsc	16	6	6	0	0	0.47	0	
sample	MedleyA-PT-08	RC	hscu	16	6	6	0	0	1.27	0	
sample	MedleyA-PT-08	RC	lp	16	3	3	0	0	0.02	0	
sample	MedleyA-PT-08	RF	hsc	16	3	3	0	0	0.75	0	
sample	MedleyA-PT-08	RF	hscu	16	3	3	0	0	3.73	0	
sample	MedleyA-PT-08	RF	lp	16	2	2	0	0	0.01	0	
sample	MedleyA-PT-16	RC	hsc	16	3	3	0	0	47.82	0	
sample	MedleyA-PT-16	RC	hscu	16	3	3	0	0	51.11	0	
sample	MedleyA-PT-16	RC	lp	16	3	3	0	0	0.07	0	
sample	MedleyA-PT-16	RF	hsc	16	0	0	0	0	60.01	124	
sample	MedleyA-PT-16	RF	hscu	16	0	0	0	0	60.01	124	
sample	MedleyA-PT-16	RF	lp	16	0	0	0	0	0.02	0	
sample	MultiCrashLeafsetExtension-PT-S16C03	RC	hsc	16	0	0	0	0	60.16	124	
sample	MultiCrashLeafsetExtension-PT-S16C03	RC	hscu	16	0	0	0	0	60.14	124	
sample	MultiCrashLeafsetExtension-PT-S16C03	RC	lp	16	7	7	0	0	18.99	0	
sample	MultiCrashLeafsetExtension-PT-S16C03	RF	hsc	16	0	0	0	0	60.15	124	
sample	MultiCrashLeafsetExtension-PT-S16C03	RF	hscu	16	0	0	0	0	60.13	124	
sample	MultiCrashLeafsetExtension-PT-S16C03	RF	lp	16	0	0	0	0	1.92	0	
sample	MultiCrashLeafsetExtension-PT-S32C02	RC	hsc	16	0	0	0	0	60.22	124	
sample	MultiCrashLeafsetExtension-PT-S32C02	RC	hscu	16	0	0	0	0	60.3	124	
sample	MultiCrashLeafsetExtension-PT-S32C02	RC	lp	16	2	2	0	0	46.56	0	
sample	MultiCrashLeafsetExtension-PT-S32C02	RF	hsc	16	0	0	0	0	60.28	124	
sample	MultiCrashLeafsetExtension-PT-S32C02	RF	hscu	16	0	0	0	0	60.33	124	
sample	MultiCrashLeafsetExtension-PT-S32C02	RF	lp	16	1	1	0	0	11.28	0	
sample	NeoElection-PT-3	RC	hsc	16	1	1	0	0	60.01	124	
sample	NeoElection-PT-3	RC	hscu	16	1	1	0	0	60.01	124	
sample	NeoElection-PT-3	RC	lp	16	12	12	0	0	0.02	0	
sample	NeoElection-PT-3	RF	hsc	16	16	16	0	0	20.97	0	
sample	NeoElection-PT-3	RF	hscu	16	2	2	0	0	60.01	124	
sample	NeoElection-PT-3	RF	lp	16	8	8	0	0	0.04	0	
sample	ParamProductionCell-PT-1	RC	hsc	16	8	8	0	0	24.89	0	
sample	ParamProductionCell-PT-1	RC	hscu	16	10	10	0	0	23.7	0	
sample	ParamProductionCell-PT-1	RC	lp	16	9	9	0	0	0.07	0	
sample	ParamProductionCell-PT-1	RF	hsc	16	1	1	0	0	1.02	0	
sample	ParamProductionCell-PT-1	RF	hscu	16	6	6	0	0	2.45	0	
sample	ParamProductionCell-PT-1	RF	lp	16	1	1	0	0	0.03	0	
sample	Parking-PT-104	RC	hsc	16	8	8	0	0	0.28	0	
sample	Parking-PT-104	RC	hscu	16	8	8	0	0	0.29	0	
sample	Parking-PT-104	RC	lp	16	5	5	0	0	0.01	0	
sample	Parking-PT-104	RF	hsc	16	8	8	0	0	0.12	0	
sample	Parking-PT-104	RF	hscu	16	8	8	0	0	0.13	0	
sample	Parking-PT-104	RF	lp	16	3	3	0	0	0.01	0	
sample	PGCD-PT-D02N005	RC	hsc	16	0	0	0	0	0.04	0	
sample	PGCD-PT-D02N005	RC	hscu	16	0	0	0	0	0.03	0	
sample	PGCD-PT-D02N005	RC	lp	16	0	0	0	0	0.01	0	
sample	PGCD-PT-D02N005	RF	hsc	16	0	0	0	0	0.04	0	
sample	PGCD-PT-D02N005	RF	hscu	16	0	0	0	0	0.04	0	
sample	PGCD-PT-D02N005	RF	lp	16	1	1	0	0	0.0	0	
sample	Philosophers-PT-000005	RC	hsc	16	2	2	0	0	0.1	0	
sample	Philosophers-PT-000005	RC	hscu	16	2	2	0	0	0.1	0	
sample	Philosophers-PT-000005	RC	lp	16	2	2	0	0	0.0	0	
sample	Philosophers-PT-000005	RF	hsc	16	2	2	0	0	0.07	0	
sample	Philosophers-PT-000005	RF	hscu	16	2	2	0	0	0.07	0	
sample	Philosophers-PT-000005	RF	lp	16	0	0	0	0	0.01	0	
sample	Raft-PT-02	RC	hsc	16	11	11	0	0	0.05	0	
sample	Raft-PT-02	RC	hscu	16	11	11	0	0	0.05	0	
sample	Raft-PT-02	RC	lp	16	8	8	0	0	0.01	0	
sample	Raft-PT-02	RF	hsc	16	5	5	0	0	0.06	0	
sample	Raft-PT-02	RF	hscu	16	6	6	0	0	0.05	0	
sample	Raft-PT-02	RF	lp	16	2	2	0	0	0.0	0	
sample	Referendum-PT-0015	RC	hsc	16	14	14	0	0	1.2	0	
sample	Referendum-PT-0015	RC	hscu	16	14	14	0	0	1.2	0	
sample	Referendum-PT-0015	RC	lp	16	10	10	0	0	0.01	0	
sample	Referendum-PT-0015	RF	hsc	16	11	11	0	0	0.1	0	
sample	Referendum-PT-0015	RF	hscu	16	11	11	0	0	0.09	0	
sample	Referendum-PT-0015	RF	lp	16	6	6	0	0	0.01	0	
sample	RERS2020-PT-pb103	RC	hsc	16	2	2	0	0	60.03	124	
sample	RERS2020-PT-pb103	RC	hscu	16	2	2	0	0	60.03	124	
sample	RERS2020-PT-pb103	RC	lp	16	1	1	0	0	8.57	0	
sample	RERS2020-PT-pb103	RF	hsc	16	5	5	0	0	4.5	0	
sample	RERS2020-PT-pb103	RF	hscu	16	5	5	0	0	4.55	0	
sample	RERS2020-PT-pb103	RF	lp	16	0	0	0	0	24.95	0	
sample	ResAllocation-PT-R003C010	RC	hsc	16	10	10	0	0	0.14	0	
sample	ResAllocation-PT-R003C010	RC	hscu	16	10	10	0	0	0.14	0	
sample	ResAllocation-PT-R003C010	RC	lp	16	9	9	0	0	0.01	0	
sample	ResAllocation-PT-R003C010	RF	hsc	16	5	5	0	0	0.1	0	
sample	ResAllocation-PT-R003C010	RF	hscu	16	5	5	0	0	0.1	0	
sample	ResAllocation-PT-R003C010	RF	lp	16	2	2	0	0	0.01	0	
sample	ResAllocation-PT-R020C002	RC	hsc	16	4	4	0	0	1.08	0	
sample	ResAllocation-PT-R020C002	RC	hscu	16	4	4	0	0	1.08	0	
sample	ResAllocation-PT-R020C002	RC	lp	16	3	3	0	0	0.01	0	
sample	ResAllocation-PT-R020C002	RF	hsc	16	1	1	0	0	0.06	0	
sample	ResAllocation-PT-R020C002	RF	hscu	16	1	1	0	0	0.06	0	
sample	ResAllocation-PT-R020C002	RF	lp	16	0	0	0	0	0.01	0	
sample	RingSingleMessageInMbox-PT-d0m080	RC	hsc	16	11	11	0	0	0.1	0	
sample	RingSingleMessageInMbox-PT-d0m080	RC	hscu	16	11	11	0	0	0.1	0	
sample	RingSingleMessageInMbox-PT-d0m080	RC	lp	16	15	15	0	0	0.01	0	
sample	RingSingleMessageInMbox-PT-d0m080	RF	hsc	16	0	0	0	0	0.1	0	
sample	RingSingleMessageInMbox-PT-d0m080	RF	hscu	16	0	0	0	0	0.09	0	
sample	RingSingleMessageInMbox-PT-d0m080	RF	lp	16	1	1	0	0	0.01	0	
sample	RobotManipulation-PT-00010	RC	hsc	16	0	0	0	0	0.07	0	
sample	RobotManipulation-PT-00010	RC	hscu	16	0	0	0	0	0.07	0	
sample	RobotManipulation-PT-00010	RC	lp	16	4	4	0	0	0.0	0	
sample	RobotManipulation-PT-00010	RF	hsc	16	1	1	0	0	0.08	0	
sample	RobotManipulation-PT-00010	RF	hscu	16	1	1	0	0	0.08	0	
sample	RobotManipulation-PT-00010	RF	lp	16	4	4	0	0	0.0	0	
sample	RwMutex-PT-r0010w0500	RC	hsc	16	1	1	0	0	60.01	124	
sample	RwMutex-PT-r0010w0500	RC	hscu	16	5	5	0	0	5.64	0	
sample	RwMutex-PT-r0010w0500	RC	lp	16	3	3	0	0	0.61	0	
sample	RwMutex-PT-r0010w0500	RF	hsc	16	0	0	0	0	60.02	124	
sample	RwMutex-PT-r0010w0500	RF	hscu	16	2	2	0	0	12.94	0	
sample	RwMutex-PT-r0010w0500	RF	lp	16	0	0	0	0	0.02	0	
sample	SafeBus-PT-06	RC	hsc	16	11	11	0	0	6.21	0	
sample	SafeBus-PT-06	RC	hscu	16	11	11	0	0	60.01	124	
sample	SafeBus-PT-06	RC	lp	16	9	9	0	0	0.02	0	
sample	SafeBus-PT-06	RF	hsc	16	1	1	0	0	60.01	124	
sample	SafeBus-PT-06	RF	hscu	16	1	1	0	0	60.01	124	
sample	SafeBus-PT-06	RF	lp	16	1	1	0	0	0.02	0	
sample	ServersAndClients-PT-100040	RC	hsc	16	0	0	0	0	60.23	124	
sample	ServersAndClients-PT-100040	RC	hscu	16	0	0	0	0	60.19	124	
sample	ServersAndClients-PT-100040	RC	lp	16	7	7	0	0	0.88	0	
sample	ServersAndClients-PT-100040	RF	hsc	16	0	0	0	0	60.21	124	
sample	ServersAndClients-PT-100040	RF	hscu	16	0	0	0	0	60.24	124	
sample	ServersAndClients-PT-100040	RF	lp	16	4	4	0	0	13.51	0	
sample	ServersAndClients-PT-200080	RC	hsc	16	0	0	0	0	60.21	124	
sample	ServersAndClients-PT-200080	RC	hscu	16	0	0	0	0	60.26	124	
sample	ServersAndClients-PT-200080	RC	lp	16	5	5	0	0	19.74	0	
sample	ServersAndClients-PT-200080	RF	hsc	16	0	0	0	0	60.22	124	
sample	ServersAndClients-PT-200080	RF	hscu	16	0	0	0	0	60.28	124	
sample	ServersAndClients-PT-200080	RF	lp	16	4	4	0	0	16.89	0	
sample	SharedMemory-PT-000005	RC	hsc	16	6	6	0	0	0.23	0	
sample	SharedMemory-PT-000005	RC	hscu	16	6	6	0	0	0.21	0	
sample	SharedMemory-PT-000005	RC	lp	16	6	6	0	0	0.01	0	
sample	SharedMemory-PT-000005	RF	hsc	16	0	0	0	0	0.31	0	
sample	SharedMemory-PT-000005	RF	hscu	16	0	0	0	0	0.32	0	
sample	SharedMemory-PT-000005	RF	lp	16	0	0	0	0	0.01	0	
sample	ShieldIIPt-PT-001A	RC	hsc	16	2	2	0	0	0.05	0	
sample	ShieldIIPt-PT-001A	RC	hscu	16	2	2	0	0	0.04	0	
sample	ShieldIIPt-PT-001A	RC	lp	16	0	0	0	0	0.01	0	
sample	ShieldIIPt-PT-001A	RF	hsc	16	2	2	0	0	0.04	0	
sample	ShieldIIPt-PT-001A	RF	hscu	16	2	2	0	0	0.04	0	
sample	ShieldIIPt-PT-001A	RF	lp	16	1	1	0	0	0.0	0	
sample	ShieldPPPs-PT-001B	RC	hsc	16	7	7	0	0	0.19	0	
sample	ShieldPPPs-PT-001B	RC	hscu	16	7	7	0	0	0.19	0	
sample	ShieldPPPs-PT-001B	RC	lp	16	5	5	0	0	0.01	0	
sample	ShieldPPPs-PT-001B	RF	hsc	16	4	4	0	0	0.1	0	
sample	ShieldPPPs-PT-001B	RF	hscu	16	4	4	0	0	0.1	0	
sample	ShieldPPPs-PT-001B	RF	lp	16	2	2	0	0	0.01	0	
sample	ShieldRVs-PT-001B	RC	hsc	16	10	10	0	0	0.07	0	
sample	ShieldRVs-PT-001B	RC	hscu	16	10	10	0	0	0.06	0	
sample	ShieldRVs-PT-001B	RC	lp	16	9	9	0	0	0.01	0	
sample	ShieldRVs-PT-001B	RF	hsc	16	7	7	0	0	0.06	0	
sample	ShieldRVs-PT-001B	RF	hscu	16	7	7	0	0	0.06	0	
sample	ShieldRVs-PT-001B	RF	lp	16	4	4	0	0	0.01	0	
sample	ShieldRVt-PT-001A	RC	hsc	16	4	4	0	0	0.04	0	
sample	ShieldRVt-PT-001A	RC	hscu	16	4	4	0	0	0.04	0	
sample	ShieldRVt-PT-001A	RC	lp	16	3	3	0	0	0.01	0	
sample	ShieldRVt-PT-001A	RF	hsc	16	2	2	0	0	0.04	0	
sample	ShieldRVt-PT-001A	RF	hscu	16	2	2	0	0	0.04	0	
sample	ShieldRVt-PT-001A	RF	lp	16	2	2	0	0	0.01	0	
sample	ShieldRVt-PT-004A	RC	hsc	16	11	11	0	0	0.09	0	
sample	ShieldRVt-PT-004A	RC	hscu	16	11	11	0	0	0.09	0	
sample	ShieldRVt-PT-004A	RC	lp	16	6	6	0	0	0.01	0	
sample	ShieldRVt-PT-004A	RF	hsc	16	3	3	0	0	0.1	0	
sample	ShieldRVt-PT-004A	RF	hscu	16	3	3	0	0	0.1	0	
sample	ShieldRVt-PT-004A	RF	lp	16	2	2	0	0	0.01	0	
sample	SieveSingleMsgMbox-PT-d1m04	RC	hsc	16	7	7	0	0	8.35	0	
sample	SieveSingleMsgMbox-PT-d1m04	RC	hscu	16	7	7	0	0	8.32	0	
sample	SieveSingleMsgMbox-PT-d1m04	RC	lp	16	12	12	0	0	0.01	0	
sample	SieveSingleMsgMbox-PT-d1m04	RF	hsc	16	0	0	0	0	0.61	0	
sample	SieveSingleMsgMbox-PT-d1m04	RF	hscu	16	0	0	0	0	0.6	0	
sample	SieveSingleMsgMbox-PT-d1m04	RF	lp	16	3	3	0	0	0.11	0	
sample	SimpleLoadBal-PT-05	RC	hsc	16	6	6	0	0	0.34	0	
sample	SimpleLoadBal-PT-05	RC	hscu	16	6	6	0	0	1.79	0	
sample	SimpleLoadBal-PT-05	RC	lp	16	4	4	0	0	0.01	0	
sample	SimpleLoadBal-PT-05	RF	hsc	16	2	2	0	0	16.26	0	
sample	SimpleLoadBal-PT-05	RF	hscu	16	7	7	0	0	3.03	0	
sample	SimpleLoadBal-PT-05	RF	lp	16	3	3	0	0	0.02	0	
sample	SmallOperatingSystem-PT-MT0064DC0016	RC	hsc	16	1	1	0	0	0.05	0	
sample	SmallOperatingSystem-PT-MT0064DC0016	RC	hscu	16	1	1	0	0	0.05	0	
sample	SmallOperatingSystem-PT-MT0064DC0016	RC	lp	16	10	10	0	0	0.01	0	
sample	SmallOperatingSystem-PT-MT0064DC0016	RF	hsc	16	0	0	0	0	0.04	0	
sample	SmallOperatingSystem-PT-MT0064DC0016	RF	hscu	16	0	0	0	0	0.04	0	
sample	SmallOperatingSystem-PT-MT0064DC0016	RF	lp	16	3	3	0	0	0.01	0	
sample	SmartHome-PT-02	RC	hsc	16	14	14	0	0	0.05	0	
sample	SmartHome-PT-02	RC	hscu	16	14	14	0	0	0.05	0	
sample	SmartHome-PT-02	RC	lp	16	11	11	0	0	0.01	0	
sample	SmartHome-PT-02	RF	hsc	16	6	6	0	0	0.04	0	
sample	SmartHome-PT-02	RF	hscu	16	6	6	0	0	0.05	0	
sample	SmartHome-PT-02	RF	lp	16	2	2	0	0	0.01	0	
sample	StigmergyCommit-PT-02b	RC	hsc	16	2	2	0	0	60.01	124	
sample	StigmergyCommit-PT-02b	RC	hscu	16	2	2	0	0	60.01	124	
sample	StigmergyCommit-PT-02b	RC	lp	16	2	2	0	0	0.25	0	
sample	StigmergyCommit-PT-02b	RF	hsc	16	1	1	0	0	60.01	124	
sample	StigmergyCommit-PT-02b	RF	hscu	16	1	1	0	0	60.01	124	
sample	StigmergyCommit-PT-02b	RF	lp	16	3	3	0	0	0.12	0	
sample	StigmergyCommit-PT-07a	RC	hsc	16	5	5	0	0	1.63	0	
sample	StigmergyCommit-PT-07a	RC	hscu	16	5	5	0	0	1.64	0	
sample	StigmergyCommit-PT-07a	RC	lp	16	3	3	0	0	0.12	0	
sample	StigmergyCommit-PT-07a	RF	hsc	16	4	4	0	0	0.89	0	
sample	StigmergyCommit-PT-07a	RF	hscu	16	4	4	0	0	0.9	0	
sample	StigmergyCommit-PT-07a	RF	lp	16	0	0	0	0	0.12	0	
sample	StigmergyElection-PT-03a	RC	hsc	16	2	2	0	0	0.07	0	
sample	StigmergyElection-PT-03a	RC	hscu	16	2	2	0	0	0.07	0	
sample	StigmergyElection-PT-03a	RC	lp	16	0	0	0	0	0.01	0	
sample	StigmergyElection-PT-03a	RF	hsc	16	3	3	0	0	0.08	0	
sample	StigmergyElection-PT-03a	RF	hscu	16	3	3	0	0	0.08	0	
sample	StigmergyElection-PT-03a	RF	lp	16	2	2	0	0	0.01	0	
sample	StigmergyElection-PT-07a	RC	hsc	16	3	3	0	0	6.92	0	
sample	StigmergyElection-PT-07a	RC	hscu	16	3	3	0	0	7.04	0	
sample	StigmergyElection-PT-07a	RC	lp	16	3	3	0	0	0.07	0	
sample	StigmergyElection-PT-07a	RF	hsc	16	8	8	0	0	0.8	0	
sample	StigmergyElection-PT-07a	RF	hscu	16	8	8	0	0	0.78	0	
sample	StigmergyElection-PT-07a	RF	lp	16	2	2	0	0	0.13	0	
sample	Sudoku-PT-AN01	RC	hsc	16	3	3	0	0	0.04	0	
sample	Sudoku-PT-AN01	RC	hscu	16	3	3	0	0	0.04	0	
sample	Sudoku-PT-AN01	RC	lp	16	2	2	0	0	0.0	0	
sample	Sudoku-PT-AN01	RF	hsc	16	1	1	0	0	0.04	0	
sample	Sudoku-PT-AN01	RF	hscu	16	1	1	0	0	0.04	0	
sample	Sudoku-PT-AN01	RF	lp	16	1	1	0	0	0.01	0	
sample	Sudoku-PT-BN04	RC	hsc	16	0	0	0	0	60.05	124	
sample	Sudoku-PT-BN04	RC	hscu	16	0	0	0	0	60.05	124	
sample	Sudoku-PT-BN04	RC	lp	16	10	10	0	0	0.01	0	
sample	Sudoku-PT-BN04	RF	hsc	16	0	0	0	0	60.05	124	
sample	Sudoku-PT-BN04	RF	hscu	16	0	0	0	0	60.05	124	
sample	Sudoku-PT-BN04	RF	lp	16	0	0	0	0	0.02	0	
sample	SwimmingPool-PT-02	RC	hsc	16	5	5	0	0	31.01	0	
sample	SwimmingPool-PT-02	RC	hscu	16	5	5	0	0	31.98	0	
sample	SwimmingPool-PT-02	RC	lp	16	3	3	0	0	0.0	0	
sample	SwimmingPool-PT-02	RF	hsc	16	7	7	0	0	0.7	0	
sample	SwimmingPool-PT-02	RF	hscu	16	7	7	0	0	0.58	0	
sample	SwimmingPool-PT-02	RF	lp	16	3	3	0	0	0.01	0	
sample	Szymanski-PT-a04	RC	hsc	16	1	1	0	0	60.01	124	
sample	Szymanski-PT-a04	RC	hscu	16	1	1	0	0	60.01	124	
sample	Szymanski-PT-a04	RC	lp	16	5	5	0	0	0.01	0	
sample	Szymanski-PT-a04	RF	hsc	16	6	6	0	0	0.21	0	
sample	Szymanski-PT-a04	RF	hscu	16	6	6	0	0	0.22	0	
sample	Szymanski-PT-a04	RF	lp	16	4	4	0	0	0.01	0	
sample	TokenRing-PT-015	RC	hsc	16	4	4	0	0	60.01	124	
sample	TokenRing-PT-015	RC	hscu	16	4	4	0	0	60.01	124	
sample	TokenRing-PT-015	RC	lp	16	1	1	0	0	0.05	0	
sample	TokenRing-PT-015	RF	hsc	16	0	0	0	0	60.03	124	
sample	TokenRing-PT-015	RF	hscu	16	0	0	0	0	60.04	124	
sample	TokenRing-PT-015	RF	lp	16	0	0	0	0	1.35	0	
sample	TwoPhaseLocking-PT-nC00004vN	RC	hsc	16	4	4	0	0	0.04	0	
sample	TwoPhaseLocking-PT-nC00004vN	RC	hscu	16	4	4	0	0	0.04	0	
sample	TwoPhaseLocking-PT-nC00004vN	RC	lp	16	4	4	0	0	0.01	0	
sample	TwoPhaseLocking-PT-nC00004vN	RF	hsc	16	0	0	0	0	0.04	0	
sample	TwoPhaseLocking-PT-nC00004vN	RF	hscu	16	0	0	0	0	0.04	0	
sample	TwoPhaseLocking-PT-nC00004vN	RF	lp	16	0	0	0	0	0.01	0	
sample	TwoPhaseLocking-PT-nC00050vD	RC	hsc	16	9	9	0	0	2.29	0	
sample	TwoPhaseLocking-PT-nC00050vD	RC	hscu	16	9	9	0	0	2.29	0	
sample	TwoPhaseLocking-PT-nC00050vD	RC	lp	16	6	6	0	0	0.01	0	
sample	TwoPhaseLocking-PT-nC00050vD	RF	hsc	16	10	10	0	0	0.42	0	
sample	TwoPhaseLocking-PT-nC00050vD	RF	hscu	16	10	10	0	0	0.41	0	
sample	TwoPhaseLocking-PT-nC00050vD	RF	lp	16	5	5	0	0	0.0	0	
sample	TwoPhaseLocking-PT-nC00200vN	RC	hsc	16	0	0	0	0	60.01	124	
sample	TwoPhaseLocking-PT-nC00200vN	RC	hscu	16	0	0	0	0	60.01	124	
sample	TwoPhaseLocking-PT-nC00200vN	RC	lp	16	4	4	0	0	0.01	0	
sample	TwoPhaseLocking-PT-nC00200vN	RF	hsc	16	5	5	0	0	18.95	0	
sample	TwoPhaseLocking-PT-nC00200vN	RF	hscu	16	5	5	0	0	19.09	0	
sample	TwoPhaseLocking-PT-nC00200vN	RF	lp	16	1	1	0	0	0.01	0	
sample	UtilityControlRoom-PT-Z2T4N06	RC	hsc	16	15	15	0	0	13.67	0	
sample	UtilityControlRoom-PT-Z2T4N06	RC	hscu	16	15	15	0	0	14.72	0	
sample	UtilityControlRoom-PT-Z2T4N06	RC	lp	16	10	10	0	0	0.02	0	
sample	UtilityControlRoom-PT-Z2T4N06	RF	hsc	16	7	7	0	0	4.02	0	
sample	UtilityControlRoom-PT-Z2T4N06	RF	hscu	16	7	7	0	0	4.11	0	
sample	UtilityControlRoom-PT-Z2T4N06	RF	lp	16	3	3	0	0	0.02	0	
